,match_id,team_id,team_confederation,referee_id,ref_confederation,yellow_card
0,M-1970-01,T-46,CONCACAF,R-440,UEFA,1
1,M-1970-02,T-84,CONMEBOL,R-115,UEFA,0
2,M-1970-03,T-28,UEFA,R-254,UEFA,0
3,M-1970-04,T-56,CONMEBOL,R-392,UEFA,0
4,M-1970-05,T-06,UEFA,R-358,UEFA,0
5,M-1970-06,T-41,UEFA,R-429,UEFA,0
6,M-1970-07,T-09,CONMEBOL,R-043,CONMEBOL,1
7,M-1970-08,T-86,UEFA,R-456,UEFA,0
8,M-1970-09,T-72,UEFA,R-394,UEFA,0
9,M-1970-10,T-84,CONMEBOL,R-171,UEFA,0
10,M-1970-11,T-61,UEFA,R-118,CONCACAF,1
11,M-1970-12,T-56,CONMEBOL,R-036,UEFA,0
12,M-1970-13,T-46,CONCACAF,R-214,CAF,0
13,M-1970-14,T-74,UEFA,R-427,CAF,1
14,M-1970-15,T-09,CONMEBOL,R-223,UEFA,0
15,M-1970-16,T-86,UEFA,R-329,UEFA,0
16,M-1970-17,T-72,UEFA,R-194,CONMEBOL,1
17,M-1970-18,T-74,UEFA,R-234,CONCACAF,0
18,M-1970-19,T-09,CONMEBOL,R-274,UEFA,0
19,M-1970-20,T-86,UEFA,R-008,CONCACAF,0
20,M-1970-21,T-46,CONCACAF,R-319,CONMEBOL,2
21,M-1970-22,T-41,UEFA,R-466,CONMEBOL,1
22,M-1970-23,T-28,UEFA,R-259,UEFA,0
23,M-1970-24,T-10,UEFA,R-371,UEFA,0
24,M-1970-25,T-09,CONMEBOL,R-254,UEFA,0
25,M-1970-26,T-41,UEFA,R-394,UEFA,1
26,M-1970-27,T-72,UEFA,R-456,UEFA,3
27,M-1970-28,T-86,UEFA,R-319,CONMEBOL,1
28,M-1970-29,T-09,CONMEBOL,R-329,UEFA,1
29,M-1970-30,T-41,UEFA,R-486,CONMEBOL,4
30,M-1970-31,T-86,UEFA,R-392,UEFA,1
31,M-1970-32,T-09,CONMEBOL,R-171,UEFA,1
32,M-1974-01,T-09,CONMEBOL,R-394,UEFA,0
33,M-1974-02,T-86,UEFA,R-032,UEFA,0
34,M-1974-03,T-24,UEFA,R-309,CAF,3
35,M-1974-04,T-88,CAF,R-397,UEFA,1
36,M-1974-05,T-74,UEFA,R-340,CONMEBOL,0
37,M-1974-06,T-84,CONMEBOL,R-334,UEFA,3
38,M-1974-07,T-41,UEFA,R-249,CONMEBOL,0
39,M-1974-08,T-57,UEFA,R-434,UEFA,0
40,M-1974-09,T-04,AFC,R-308,CAF,0
41,M-1974-10,T-13,CONMEBOL,R-023,UEFA,2
42,M-1974-11,T-64,UEFA,R-452,UEFA,0
43,M-1974-12,T-87,UEFA,R-119,CONMEBOL,1
44,M-1974-13,T-10,UEFA,R-429,UEFA,1
45,M-1974-14,T-48,UEFA,R-478,CONCACAF,1
46,M-1974-15,T-03,CONMEBOL,R-218,UEFA,1
47,M-1974-16,T-34,CONCACAF,R-424,AFC,1
48,M-1974-17,T-04,AFC,R-311,AFC,0
49,M-1974-18,T-64,UEFA,R-177,CONCACAF,2
50,M-1974-19,T-88,CAF,R-360,UEFA,1
51,M-1974-20,T-24,UEFA,R-043,CONMEBOL,3
52,M-1974-21,T-10,UEFA,R-061,AFC,2
53,M-1974-22,T-74,UEFA,R-247,UEFA,0
54,M-1974-23,T-03,CONMEBOL,R-389,UEFA,2
55,M-1974-24,T-57,UEFA,R-475,UEFA,2
56,M-1974-25,T-87,UEFA,R-271,CONMEBOL,2
57,M-1974-26,T-09,CONMEBOL,R-434,UEFA,3
58,M-1974-27,T-48,UEFA,R-115,UEFA,2
59,M-1974-28,T-74,UEFA,R-043,CONMEBOL,0
60,M-1974-29,T-03,CONMEBOL,R-254,UEFA,1
61,M-1974-30,T-24,UEFA,R-394,UEFA,0
62,M-1974-31,T-57,UEFA,R-171,UEFA,0
63,M-1974-32,T-86,UEFA,R-218,UEFA,0
64,M-1974-33,T-57,UEFA,R-247,UEFA,0
65,M-1974-34,T-03,CONMEBOL,R-429,UEFA,1
66,M-1974-35,T-48,UEFA,R-440,UEFA,2
67,M-1974-36,T-74,UEFA,R-341,CONMEBOL,0
68,M-1974-37,T-09,CONMEBOL,R-023,UEFA,1
69,M-1974-38,T-48,UEFA,R-429,UEFA,3
70,M-1978-01,T-86,UEFA,R-319,CONMEBOL,0
71,M-1978-02,T-41,UEFA,R-360,UEFA,1
72,M-1978-03,T-79,CAF,R-178,UEFA,0
73,M-1978-04,T-03,CONMEBOL,R-166,UEFA,1
74,M-1978-05,T-05,UEFA,R-334,UEFA,0
75,M-1978-06,T-09,CONMEBOL,R-434,UEFA,1
76,M-1978-07,T-48,UEFA,R-177,CONCACAF,0
77,M-1978-08,T-56,CONMEBOL,R-142,UEFA,1
78,M-1978-09,T-41,UEFA,R-043,CONMEBOL,0
79,M-1978-10,T-57,UEFA,R-276,UEFA,0
80,M-1978-11,T-86,UEFA,R-064,AFC,1
81,M-1978-12,T-03,CONMEBOL,R-131,UEFA,0
82,M-1978-13,T-05,UEFA,R-103,UEFA,0
83,M-1978-14,T-09,CONMEBOL,R-174,UEFA,0
84,M-1978-15,T-48,UEFA,R-353,UEFA,1
85,M-1978-16,T-64,UEFA,R-309,CAF,0
86,M-1978-17,T-30,UEFA,R-097,CONMEBOL,0
87,M-1978-18,T-57,UEFA,R-311,AFC,0
88,M-1978-19,T-86,UEFA,R-181,CONMEBOL,1
89,M-1978-20,T-03,CONMEBOL,R-223,UEFA,0
90,M-1978-21,T-09,CONMEBOL,R-482,UEFA,0
91,M-1978-22,T-73,UEFA,R-057,UEFA,0
92,M-1978-23,T-56,CONMEBOL,R-207,UEFA,0
93,M-1978-24,T-64,UEFA,R-247,UEFA,1
94,M-1978-25,T-05,UEFA,R-178,UEFA,0
95,M-1978-26,T-41,UEFA,R-266,UEFA,0
96,M-1978-27,T-09,CONMEBOL,R-360,UEFA,0
97,M-1978-28,T-03,CONMEBOL,R-142,UEFA,1
98,M-1978-29,T-56,CONMEBOL,R-336,UEFA,2
99,M-1978-30,T-41,UEFA,R-373,UEFA,0
100,M-1978-31,T-48,UEFA,R-043,CONMEBOL,1
101,M-1978-32,T-03,CONMEBOL,R-334,UEFA,0
102,M-1978-33,T-05,UEFA,R-223,UEFA,2
103,M-1978-34,T-41,UEFA,R-276,UEFA,3
104,M-1978-35,T-09,CONMEBOL,R-408,CONMEBOL,0
105,M-1978-36,T-03,CONMEBOL,R-482,UEFA,0
106,M-1978-37,T-09,CONMEBOL,R-223,UEFA,2
107,M-1978-38,T-03,CONMEBOL,R-174,UEFA,2
108,M-1982-01,T-03,CONMEBOL,R-092,UEFA,1
109,M-1982-02,T-41,UEFA,R-459,UEFA,2
110,M-1982-03,T-09,CONMEBOL,R-232,UEFA,0
111,M-1982-04,T-56,CONMEBOL,R-479,UEFA,0
112,M-1982-05,T-36,UEFA,R-010,AFC,2
113,M-1982-06,T-64,UEFA,R-415,CONCACAF,0
114,M-1982-07,T-86,UEFA,R-230,CONMEBOL,1
115,M-1982-08,T-28,UEFA,R-166,UEFA,1
116,M-1982-09,T-73,UEFA,R-203,CONMEBOL,0
117,M-1982-10,T-13,CONMEBOL,R-081,CONMEBOL,1
118,M-1982-11,T-21,UEFA,R-134,CAF,0
119,M-1982-12,T-87,UEFA,R-154,UEFA,0
120,M-1982-13,T-41,UEFA,R-143,UEFA,1
121,M-1982-14,T-03,CONMEBOL,R-231,CAF,0
122,M-1982-15,T-09,CONMEBOL,R-337,CONCACAF,0
123,M-1982-16,T-57,UEFA,R-348,UEFA,1
124,M-1982-17,T-06,UEFA,R-302,UEFA,0
125,M-1982-18,T-72,UEFA,R-017,CAF,0
126,M-1982-19,T-86,UEFA,R-160,UEFA,0
127,M-1982-20,T-28,UEFA,R-103,UEFA,0
128,M-1982-21,T-73,UEFA,R-257,UEFA,2
129,M-1982-22,T-01,CAF,R-061,AFC,1
130,M-1982-23,T-30,UEFA,R-423,UEFA,1
131,M-1982-24,T-35,CONCACAF,R-089,AFC,0
132,M-1982-25,T-57,UEFA,R-460,CONCACAF,0
133,M-1982-26,T-06,UEFA,R-476,UEFA,2
134,M-1982-27,T-72,UEFA,R-360,UEFA,0
135,M-1982-28,T-41,UEFA,R-129,UEFA,1
136,M-1982-29,T-03,CONMEBOL,R-042,CONMEBOL,2
137,M-1982-30,T-09,CONMEBOL,R-283,UEFA,0
138,M-1982-31,T-01,CAF,R-295,CONCACAF,0
139,M-1982-32,T-30,UEFA,R-084,UEFA,1
140,M-1982-33,T-35,CONCACAF,R-086,CONMEBOL,1
141,M-1982-34,T-86,UEFA,R-447,UEFA,0
142,M-1982-35,T-28,UEFA,R-026,CONMEBOL,1
143,M-1982-36,T-73,UEFA,R-328,CONMEBOL,1
144,M-1982-37,T-05,UEFA,R-334,UEFA,1
145,M-1982-38,T-57,UEFA,R-337,CONCACAF,1
146,M-1982-39,T-41,UEFA,R-360,UEFA,2
147,M-1982-40,T-86,UEFA,R-097,CONMEBOL,1
148,M-1982-41,T-05,UEFA,R-353,UEFA,1
149,M-1982-42,T-06,UEFA,R-459,UEFA,0
150,M-1982-43,T-03,CONMEBOL,R-460,CONCACAF,1
151,M-1982-44,T-86,UEFA,R-084,UEFA,2
152,M-1982-45,T-30,UEFA,R-207,UEFA,1
153,M-1982-46,T-72,UEFA,R-447,UEFA,3
154,M-1982-47,T-41,UEFA,R-223,UEFA,2
155,M-1982-48,T-73,UEFA,R-348,UEFA,0
156,M-1982-49,T-57,UEFA,R-081,CONMEBOL,3
157,M-1982-50,T-86,UEFA,R-103,UEFA,1
158,M-1982-51,T-57,UEFA,R-166,UEFA,2
159,M-1982-52,T-41,UEFA,R-097,CONMEBOL,2
160,M-1986-01,T-10,UEFA,R-154,UEFA,1
161,M-1986-02,T-73,UEFA,R-040,AFC,1
162,M-1986-03,T-12,CONCACAF,R-406,CONMEBOL,0
163,M-1986-04,T-03,CONMEBOL,R-388,UEFA,0
164,M-1986-05,T-72,UEFA,R-006,UEFA,0
165,M-1986-06,T-47,CAF,R-278,CONMEBOL,1
166,M-1986-07,T-06,UEFA,R-145,CONMEBOL,1
167,M-1986-08,T-01,CAF,R-074,UEFA,1
168,M-1986-09,T-58,UEFA,R-382,UEFA,1
169,M-1986-10,T-55,CONMEBOL,R-345,CAF,1
170,M-1986-11,T-84,CONMEBOL,R-092,UEFA,2
171,M-1986-12,T-64,UEFA,R-313,UEFA,0
172,M-1986-13,T-41,UEFA,R-220,UEFA,1
173,M-1986-14,T-30,UEFA,R-027,CONMEBOL,2
174,M-1986-15,T-71,AFC,R-014,AFC,2
175,M-1986-16,T-36,UEFA,R-015,AFC,0
176,M-1986-17,T-09,CONMEBOL,R-295,CONCACAF,0
177,M-1986-18,T-28,UEFA,R-176,CONMEBOL,1
178,M-1986-19,T-46,CONCACAF,R-105,UEFA,3
179,M-1986-20,T-52,UEFA,R-069,UEFA,1
180,M-1986-21,T-57,UEFA,R-055,CAF,2
181,M-1986-22,T-39,AFC,R-122,CONMEBOL,5
182,M-1986-23,T-86,UEFA,R-198,UEFA,0
183,M-1986-24,T-22,UEFA,R-272,CONCACAF,1
184,M-1986-25,T-36,UEFA,R-407,UEFA,0
185,M-1986-26,T-72,UEFA,R-439,CAF,0
186,M-1986-27,T-03,CONMEBOL,R-442,CONCACAF,1
187,M-1986-28,T-71,AFC,R-415,CONCACAF,3
188,M-1986-29,T-39,AFC,R-343,UEFA,2
189,M-1986-30,T-55,CONMEBOL,R-129,UEFA,1
190,M-1986-31,T-28,UEFA,R-110,UEFA,1
191,M-1986-32,T-58,UEFA,R-414,UEFA,1
192,M-1986-33,T-01,CAF,R-426,AFC,1
193,M-1986-34,T-52,UEFA,R-222,UEFA,1
194,M-1986-35,T-22,UEFA,R-348,UEFA,2
195,M-1986-36,T-64,UEFA,R-357,UEFA,2
196,M-1986-37,T-46,CONCACAF,R-027,CONMEBOL,0
197,M-1986-38,T-72,UEFA,R-154,UEFA,0
198,M-1986-39,T-09,CONMEBOL,R-382,UEFA,2
199,M-1986-40,T-03,CONMEBOL,R-006,UEFA,3
200,M-1986-41,T-41,UEFA,R-145,CONMEBOL,2
201,M-1986-42,T-47,CAF,R-343,UEFA,2
202,M-1986-43,T-28,UEFA,R-015,AFC,2
203,M-1986-44,T-22,UEFA,R-220,UEFA,1
204,M-1986-45,T-09,CONMEBOL,R-198,UEFA,0
205,M-1986-46,T-86,UEFA,R-122,CONMEBOL,3
206,M-1986-47,T-03,CONMEBOL,R-055,CAF,1
207,M-1986-48,T-73,UEFA,R-222,UEFA,2
208,M-1986-49,T-30,UEFA,R-006,UEFA,1
209,M-1986-50,T-03,CONMEBOL,R-272,CONCACAF,1
210,M-1986-51,T-06,UEFA,R-105,UEFA,1
211,M-1986-52,T-03,CONMEBOL,R-027,CONMEBOL,4
212,M-1990-01,T-03,CONMEBOL,R-459,UEFA,1
213,M-1990-02,T-72,UEFA,R-081,CONMEBOL,1
214,M-1990-03,T-82,AFC,R-105,UEFA,3
215,M-1990-04,T-41,UEFA,R-481,CONMEBOL,0
216,M-1990-05,T-83,CONCACAF,R-383,UEFA,2
217,M-1990-06,T-09,CONMEBOL,R-235,UEFA,3
218,M-1990-07,T-86,UEFA,R-299,UEFA,1
219,M-1990-08,T-17,CONCACAF,R-255,CONMEBOL,0
220,M-1990-09,T-28,UEFA,R-396,UEFA,1
221,M-1990-10,T-06,UEFA,R-286,CONCACAF,0
222,M-1990-11,T-48,UEFA,R-416,UEFA,1
223,M-1990-12,T-84,CONMEBOL,R-224,UEFA,2
224,M-1990-13,T-03,CONMEBOL,R-154,UEFA,4
225,M-1990-14,T-11,CAF,R-406,CONMEBOL,2
226,M-1990-15,T-87,UEFA,R-006,UEFA,1
227,M-1990-16,T-41,UEFA,R-094,CONCACAF,1
228,M-1990-17,T-05,UEFA,R-413,UEFA,3
229,M-1990-18,T-86,UEFA,R-417,UEFA,1
230,M-1990-19,T-09,CONMEBOL,R-211,CAF,2
231,M-1990-20,T-74,UEFA,R-261,CONMEBOL,1
232,M-1990-21,T-28,UEFA,R-343,UEFA,0
233,M-1990-22,T-60,UEFA,R-453,UEFA,1
234,M-1990-23,T-06,UEFA,R-222,UEFA,2
235,M-1990-24,T-71,AFC,R-206,CONMEBOL,3
236,M-1990-25,T-03,CONMEBOL,R-407,UEFA,2
237,M-1990-26,T-11,CAF,R-481,CONMEBOL,2
238,M-1990-27,T-86,UEFA,R-414,UEFA,1
239,M-1990-28,T-87,UEFA,R-426,AFC,3
240,M-1990-29,T-05,UEFA,R-015,AFC,5
241,M-1990-30,T-41,UEFA,R-357,UEFA,2
242,M-1990-31,T-09,CONMEBOL,R-224,UEFA,0
243,M-1990-32,T-74,UEFA,R-343,UEFA,2
244,M-1990-33,T-06,UEFA,R-255,CONMEBOL,0
245,M-1990-34,T-71,AFC,R-235,UEFA,4
246,M-1990-35,T-28,UEFA,R-383,UEFA,1
247,M-1990-36,T-60,UEFA,R-459,UEFA,0
248,M-1990-37,T-11,CAF,R-235,UEFA,4
249,M-1990-38,T-21,UEFA,R-222,UEFA,3
250,M-1990-39,T-09,CONMEBOL,R-357,UEFA,2
251,M-1990-40,T-86,UEFA,R-255,CONMEBOL,1
252,M-1990-41,T-60,UEFA,R-481,CONMEBOL,2
253,M-1990-42,T-41,UEFA,R-105,UEFA,1
254,M-1990-43,T-73,UEFA,R-396,UEFA,2
255,M-1990-44,T-28,UEFA,R-299,UEFA,1
256,M-1990-45,T-03,CONMEBOL,R-383,UEFA,4
257,M-1990-46,T-60,UEFA,R-407,UEFA,1
258,M-1990-47,T-21,UEFA,R-224,UEFA,5
259,M-1990-48,T-11,CAF,R-094,CONCACAF,3
260,M-1990-49,T-03,CONMEBOL,R-459,UEFA,6
261,M-1990-50,T-86,UEFA,R-481,CONMEBOL,1
262,M-1990-51,T-41,UEFA,R-357,UEFA,0
263,M-1990-52,T-86,UEFA,R-094,CONCACAF,1
264,M-1994-01,T-31,UEFA,R-067,CONCACAF,2
265,M-1994-02,T-73,UEFA,R-299,UEFA,2
266,M-1994-03,T-83,CONCACAF,R-233,CONMEBOL,1
267,M-1994-04,T-41,UEFA,R-450,UEFA,0
268,M-1994-05,T-16,CONMEBOL,R-015,AFC,3
269,M-1994-06,T-06,UEFA,R-436,CONMEBOL,2
270,M-1994-07,T-53,UEFA,R-354,UEFA,2
271,M-1994-08,T-11,CAF,R-431,CONMEBOL,1
272,M-1994-09,T-09,CONMEBOL,R-246,CAF,0
273,M-1994-10,T-48,UEFA,R-123,UEFA,2
274,M-1994-11,T-03,CONMEBOL,R-022,CONCACAF,1
275,M-1994-12,T-31,UEFA,R-087,CONMEBOL,1
276,M-1994-13,T-50,CAF,R-033,CONCACAF,1
277,M-1994-14,T-61,UEFA,R-211,CAF,3
278,M-1994-15,T-83,CONCACAF,R-037,UEFA,1
279,M-1994-16,T-41,UEFA,R-227,UEFA,1
280,M-1994-17,T-71,AFC,R-305,UEFA,3
281,M-1994-18,T-46,CONCACAF,R-383,UEFA,2
282,M-1994-19,T-09,CONMEBOL,R-067,CONCACAF,1
283,M-1994-20,T-74,UEFA,R-357,UEFA,3
284,M-1994-21,T-06,UEFA,R-275,CONMEBOL,1
285,M-1994-22,T-63,AFC,R-127,UEFA,4
286,M-1994-23,T-03,CONMEBOL,R-216,UEFA,1
287,M-1994-24,T-10,UEFA,R-071,AFC,4
288,M-1994-25,T-75,UEFA,R-299,UEFA,2
289,M-1994-26,T-83,CONCACAF,R-450,UEFA,2
290,M-1994-27,T-07,CONMEBOL,R-033,CONCACAF,0
291,M-1994-28,T-31,UEFA,R-357,UEFA,3
292,M-1994-29,T-41,UEFA,R-233,CONMEBOL,1
293,M-1994-30,T-60,UEFA,R-436,CONMEBOL,3
294,M-1994-31,T-62,UEFA,R-015,AFC,3
295,M-1994-32,T-09,CONMEBOL,R-354,UEFA,1
296,M-1994-33,T-06,UEFA,R-227,UEFA,2
297,M-1994-34,T-47,CAF,R-431,CONMEBOL,5
298,M-1994-35,T-03,CONMEBOL,R-211,CAF,3
299,M-1994-36,T-33,UEFA,R-305,UEFA,2
300,M-1994-37,T-31,UEFA,R-383,UEFA,2
301,M-1994-38,T-73,UEFA,R-450,UEFA,4
302,M-1994-39,T-63,AFC,R-275,CONMEBOL,1
303,M-1994-40,T-61,UEFA,R-332,UEFA,3
304,M-1994-41,T-48,UEFA,R-299,UEFA,1
305,M-1994-42,T-09,CONMEBOL,R-357,UEFA,2
306,M-1994-43,T-50,CAF,R-067,CONCACAF,4
307,M-1994-44,T-46,CONCACAF,R-015,AFC,5
308,M-1994-45,T-41,UEFA,R-354,UEFA,0
309,M-1994-46,T-48,UEFA,R-033,CONCACAF,2
310,M-1994-47,T-10,UEFA,R-436,CONMEBOL,3
311,M-1994-48,T-61,UEFA,R-127,UEFA,3
312,M-1994-49,T-10,UEFA,R-357,UEFA,3
313,M-1994-50,T-74,UEFA,R-436,CONMEBOL,2
314,M-1994-51,T-74,UEFA,R-071,AFC,1
315,M-1994-52,T-09,CONMEBOL,R-354,UEFA,2
316,M-1998-01,T-09,CONMEBOL,R-164,UEFA,2
317,M-1998-02,T-47,CAF,R-444,AFC,1
318,M-1998-03,T-41,UEFA,R-063,CAF,2
319,M-1998-04,T-11,CAF,R-175,CONMEBOL,1
320,M-1998-05,T-55,CONMEBOL,R-359,AFC,1
321,M-1998-06,T-63,AFC,R-085,CONMEBOL,1
322,M-1998-07,T-30,UEFA,R-369,CONMEBOL,3
323,M-1998-08,T-73,UEFA,R-035,CONCACAF,3
324,M-1998-09,T-71,AFC,R-051,UEFA,1
325,M-1998-10,T-48,UEFA,R-098,UEFA,0
326,M-1998-11,T-03,CONMEBOL,R-450,UEFA,0
327,M-1998-12,T-87,UEFA,R-431,CONMEBOL,2
328,M-1998-13,T-43,CONCACAF,R-294,UEFA,1
329,M-1998-14,T-28,UEFA,R-324,AFC,1
330,M-1998-15,T-61,UEFA,R-246,CAF,3
331,M-1998-16,T-31,UEFA,R-050,CAF,3
332,M-1998-17,T-64,UEFA,R-446,UEFA,2
333,M-1998-18,T-09,CONMEBOL,R-245,UEFA,2
334,M-1998-19,T-13,CONMEBOL,R-012,CAF,4
335,M-1998-20,T-41,UEFA,R-244,AFC,2
336,M-1998-21,T-70,CAF,R-435,CONMEBOL,3
337,M-1998-22,T-30,UEFA,R-067,CONCACAF,2
338,M-1998-23,T-50,CAF,R-390,CONMEBOL,4
339,M-1998-24,T-73,UEFA,R-290,CAF,2
340,M-1998-25,T-44,AFC,R-361,CONCACAF,3
341,M-1998-26,T-06,UEFA,R-111,UEFA,1
342,M-1998-27,T-48,UEFA,R-480,UEFA,0
343,M-1998-28,T-31,UEFA,R-315,UEFA,1
344,M-1998-29,T-03,CONMEBOL,R-339,UEFA,1
345,M-1998-30,T-83,CONCACAF,R-292,UEFA,1
346,M-1998-31,T-16,CONMEBOL,R-193,UEFA,1
347,M-1998-32,T-61,UEFA,R-046,UEFA,4
348,M-1998-33,T-13,CONMEBOL,R-446,UEFA,4
349,M-1998-34,T-41,UEFA,R-132,UEFA,1
350,M-1998-35,T-09,CONMEBOL,R-035,CONCACAF,0
351,M-1998-36,T-64,UEFA,R-071,AFC,1
352,M-1998-37,T-30,UEFA,R-098,UEFA,2
353,M-1998-38,T-70,CAF,R-390,CONMEBOL,2
354,M-1998-39,T-50,CAF,R-444,AFC,2
355,M-1998-40,T-73,UEFA,R-450,UEFA,2
356,M-1998-41,T-06,UEFA,R-369,CONMEBOL,1
357,M-1998-42,T-48,UEFA,R-359,AFC,2
358,M-1998-43,T-31,UEFA,R-175,CONMEBOL,2
359,M-1998-44,T-83,CONCACAF,R-012,CAF,1
360,M-1998-45,T-03,CONMEBOL,R-050,CAF,3
361,M-1998-46,T-44,AFC,R-051,UEFA,1
362,M-1998-47,T-16,CONMEBOL,R-067,CONCACAF,3
363,M-1998-48,T-61,UEFA,R-244,AFC,0
364,M-1998-49,T-41,UEFA,R-193,UEFA,3
365,M-1998-50,T-09,CONMEBOL,R-046,UEFA,2
366,M-1998-51,T-30,UEFA,R-071,AFC,0
367,M-1998-52,T-50,CAF,R-292,UEFA,1
368,M-1998-53,T-31,UEFA,R-294,UEFA,4
369,M-1998-54,T-48,UEFA,R-164,UEFA,0
370,M-1998-55,T-61,UEFA,R-085,CONMEBOL,3
371,M-1998-56,T-03,CONMEBOL,R-315,UEFA,4
372,M-1998-57,T-41,UEFA,R-111,UEFA,3
373,M-1998-58,T-09,CONMEBOL,R-012,CAF,3
374,M-1998-59,T-48,UEFA,R-067,CONCACAF,3
375,M-1998-60,T-31,UEFA,R-339,UEFA,2
376,M-1998-61,T-09,CONMEBOL,R-071,AFC,2
377,M-1998-62,T-30,UEFA,R-164,UEFA,0
378,M-1998-63,T-48,UEFA,R-175,CONMEBOL,2
379,M-1998-64,T-09,CONMEBOL,R-050,CAF,1
380,M-2002-01,T-30,UEFA,R-071,AFC,1
381,M-2002-02,T-60,UEFA,R-212,AFC,3
382,M-2002-03,T-84,CONMEBOL,R-268,AFC,1
383,M-2002-04,T-31,UEFA,R-024,CONMEBOL,2
384,M-2002-05,T-03,CONMEBOL,R-461,UEFA,2
385,M-2002-06,T-55,CONMEBOL,R-298,UEFA,4
386,M-2002-07,T-28,UEFA,R-409,CONMEBOL,1
387,M-2002-08,T-73,UEFA,R-182,CAF,1
388,M-2002-09,T-18,UEFA,R-256,AFC,0
389,M-2002-10,T-09,CONMEBOL,R-221,AFC,1
390,M-2002-11,T-41,UEFA,R-186,CONCACAF,1
391,M-2002-12,T-14,AFC,R-458,UEFA,3
392,M-2002-13,T-44,AFC,R-285,CONCACAF,2
393,M-2002-14,T-71,AFC,R-384,CONMEBOL,2
394,M-2002-15,T-62,UEFA,R-351,CONCACAF,2
395,M-2002-16,T-83,CONCACAF,R-304,CONMEBOL,1
396,M-2002-17,T-31,UEFA,R-315,UEFA,0
397,M-2002-18,T-22,UEFA,R-045,CONCACAF,4
398,M-2002-19,T-11,CAF,R-189,UEFA,1
399,M-2002-20,T-30,UEFA,R-363,CONCACAF,1
400,M-2002-21,T-74,UEFA,R-330,CONMEBOL,2
401,M-2002-22,T-73,UEFA,R-012,CAF,1
402,M-2002-23,T-03,CONMEBOL,R-098,UEFA,1
403,M-2002-24,T-70,CAF,R-387,CONMEBOL,2
404,M-2002-25,T-41,UEFA,R-347,UEFA,1
405,M-2002-26,T-09,CONMEBOL,R-155,UEFA,2
406,M-2002-27,T-46,CONCACAF,R-108,CAF,1
407,M-2002-28,T-17,CONCACAF,R-096,AFC,2
408,M-2002-29,T-44,AFC,R-297,UEFA,3
409,M-2002-30,T-71,AFC,R-292,UEFA,1
410,M-2002-31,T-79,CAF,R-401,AFC,4
411,M-2002-32,T-58,UEFA,R-111,UEFA,3
412,M-2002-33,T-22,UEFA,R-294,UEFA,2
413,M-2002-34,T-65,CAF,R-474,UEFA,7
414,M-2002-35,T-11,CAF,R-253,UEFA,8
415,M-2002-36,T-63,AFC,R-310,CAF,1
416,M-2002-37,T-50,CAF,R-186,CONCACAF,0
417,M-2002-38,T-74,UEFA,R-071,AFC,2
418,M-2002-39,T-69,UEFA,R-363,CONCACAF,4
419,M-2002-40,T-70,CAF,R-268,AFC,4
420,M-2002-41,T-17,CONCACAF,R-012,CAF,0
421,M-2002-42,T-80,UEFA,R-384,CONMEBOL,3
422,M-2002-43,T-25,CONMEBOL,R-285,CONCACAF,1
423,M-2002-44,T-46,CONCACAF,R-409,CONMEBOL,2
424,M-2002-45,T-06,UEFA,R-315,UEFA,1
425,M-2002-46,T-79,CAF,R-461,UEFA,2
426,M-2002-47,T-57,UEFA,R-256,AFC,4
427,M-2002-48,T-58,UEFA,R-387,CONMEBOL,3
428,M-2002-49,T-31,UEFA,R-045,CONCACAF,3
429,M-2002-50,T-22,UEFA,R-297,UEFA,1
430,M-2002-51,T-74,UEFA,R-024,CONMEBOL,0
431,M-2002-52,T-73,UEFA,R-155,UEFA,3
432,M-2002-53,T-46,CONCACAF,R-294,UEFA,5
433,M-2002-54,T-09,CONMEBOL,R-351,CONCACAF,1
434,M-2002-55,T-44,AFC,R-098,UEFA,1
435,M-2002-56,T-71,AFC,R-304,CONMEBOL,4
436,M-2002-57,T-28,UEFA,R-363,CONCACAF,2
437,M-2002-58,T-31,UEFA,R-111,UEFA,2
438,M-2002-59,T-73,UEFA,R-012,CAF,2
439,M-2002-60,T-65,CAF,R-384,CONMEBOL,2
440,M-2002-61,T-31,UEFA,R-292,UEFA,2
441,M-2002-62,T-09,CONMEBOL,R-315,UEFA,1
442,M-2002-63,T-71,AFC,R-268,AFC,1
443,M-2002-64,T-31,UEFA,R-098,UEFA,1
444,M-2006-01,T-31,UEFA,R-137,CONMEBOL,0
445,M-2006-02,T-57,UEFA,R-212,AFC,1
446,M-2006-03,T-28,UEFA,R-377,CONCACAF,2
447,M-2006-04,T-78,CONCACAF,R-263,AFC,3
448,M-2006-05,T-03,CONMEBOL,R-117,UEFA,3
449,M-2006-06,T-67,UEFA,R-297,UEFA,4
450,M-2006-07,T-46,CONCACAF,R-381,UEFA,2
451,M-2006-08,T-02,CAF,R-238,CONMEBOL,3
452,M-2006-09,T-04,AFC,R-001,CAF,4
453,M-2006-10,T-83,CONCACAF,R-021,CONMEBOL,2
454,M-2006-11,T-41,UEFA,R-409,CONMEBOL,3
455,M-2006-12,T-71,AFC,R-347,UEFA,2
456,M-2006-13,T-30,UEFA,R-204,UEFA,3
457,M-2006-14,T-09,CONMEBOL,R-025,CONCACAF,1
458,M-2006-15,T-73,UEFA,R-072,UEFA,0
459,M-2006-16,T-79,CAF,R-401,AFC,4
460,M-2006-17,T-31,UEFA,R-291,UEFA,3
461,M-2006-18,T-25,CONMEBOL,R-096,AFC,3
462,M-2006-19,T-28,UEFA,R-212,AFC,1
463,M-2006-20,T-74,UEFA,R-298,UEFA,3
464,M-2006-21,T-03,CONMEBOL,R-381,UEFA,1
465,M-2006-22,T-48,UEFA,R-384,CONMEBOL,4
466,M-2006-23,T-46,CONCACAF,R-263,AFC,1
467,M-2006-24,T-58,UEFA,R-349,UEFA,3
468,M-2006-25,T-20,UEFA,R-137,CONMEBOL,1
469,M-2006-26,T-41,UEFA,R-238,CONMEBOL,2
470,M-2006-27,T-44,AFC,R-117,UEFA,3
471,M-2006-28,T-09,CONMEBOL,R-297,UEFA,3
472,M-2006-29,T-30,UEFA,R-025,CONCACAF,2
473,M-2006-30,T-77,CAF,R-021,CONMEBOL,3
474,M-2006-31,T-63,AFC,R-347,UEFA,3
475,M-2006-32,T-73,UEFA,R-409,CONMEBOL,2
476,M-2006-33,T-17,CONCACAF,R-263,AFC,5
477,M-2006-34,T-25,CONMEBOL,R-204,UEFA,1
478,M-2006-35,T-55,CONMEBOL,R-381,UEFA,2
479,M-2006-36,T-74,UEFA,R-072,UEFA,2
480,M-2006-37,T-38,AFC,R-401,AFC,3
481,M-2006-38,T-58,UEFA,R-298,UEFA,4
482,M-2006-39,T-42,CAF,R-377,CONCACAF,4
483,M-2006-40,T-48,UEFA,R-291,UEFA,3
484,M-2006-41,T-20,UEFA,R-025,CONCACAF,2
485,M-2006-42,T-32,CAF,R-297,UEFA,4
486,M-2006-43,T-18,UEFA,R-347,UEFA,6
487,M-2006-44,T-44,AFC,R-349,UEFA,1
488,M-2006-45,T-63,AFC,R-096,AFC,2
489,M-2006-46,T-81,UEFA,R-021,CONMEBOL,4
490,M-2006-47,T-75,UEFA,R-137,CONMEBOL,5
491,M-2006-48,T-77,CAF,R-238,CONMEBOL,3
492,M-2006-49,T-31,UEFA,R-409,CONMEBOL,1
493,M-2006-50,T-03,CONMEBOL,R-072,UEFA,2
494,M-2006-51,T-28,UEFA,R-117,UEFA,3
495,M-2006-52,T-58,UEFA,R-204,UEFA,9
496,M-2006-53,T-41,UEFA,R-291,UEFA,3
497,M-2006-54,T-75,UEFA,R-025,CONCACAF,1
498,M-2006-55,T-09,CONMEBOL,R-298,UEFA,2
499,M-2006-56,T-73,UEFA,R-381,UEFA,1
500,M-2006-57,T-31,UEFA,R-298,UEFA,3
501,M-2006-58,T-41,UEFA,R-117,UEFA,0
502,M-2006-59,T-28,UEFA,R-137,CONMEBOL,2
503,M-2006-60,T-09,CONMEBOL,R-291,UEFA,4
504,M-2006-61,T-31,UEFA,R-025,CONCACAF,2
505,M-2006-62,T-58,UEFA,R-238,CONMEBOL,1
506,M-2006-63,T-31,UEFA,R-212,AFC,2
507,M-2006-64,T-41,UEFA,R-137,CONMEBOL,1
508,M-2010-01,T-70,CAF,R-202,AFC,2
509,M-2010-02,T-84,CONMEBOL,R-317,AFC,4
510,M-2010-03,T-71,AFC,R-192,OFC,0
511,M-2010-04,T-03,CONMEBOL,R-418,UEFA,1
512,M-2010-05,T-28,UEFA,R-409,CONMEBOL,3
513,M-2010-06,T-01,CAF,R-045,CONCACAF,3
514,M-2010-07,T-66,UEFA,R-038,CONMEBOL,4
515,M-2010-08,T-31,UEFA,R-377,CONCACAF,2
516,M-2010-09,T-48,UEFA,R-237,UEFA,2
517,M-2010-10,T-44,AFC,R-053,UEFA,1
518,M-2010-11,T-41,UEFA,R-025,CONCACAF,1
519,M-2010-12,T-49,OFC,R-113,CAF,2
520,M-2010-13,T-42,CAF,R-238,CONMEBOL,2
521,M-2010-14,T-09,CONMEBOL,R-217,UEFA,1
522,M-2010-15,T-35,CONCACAF,R-264,CAF,1
523,M-2010-16,T-73,UEFA,R-473,UEFA,0
524,M-2010-17,T-70,CAF,R-072,UEFA,2
525,M-2010-18,T-03,CONMEBOL,R-117,UEFA,3
526,M-2010-19,T-33,UEFA,R-384,CONMEBOL,3
527,M-2010-20,T-30,UEFA,R-011,AFC,2
528,M-2010-21,T-31,UEFA,R-445,UEFA,5
529,M-2010-22,T-69,UEFA,R-104,CAF,4
530,M-2010-23,T-28,UEFA,R-202,AFC,1
531,M-2010-24,T-48,UEFA,R-038,CONMEBOL,1
532,M-2010-25,T-32,CAF,R-381,UEFA,3
533,M-2010-26,T-11,CAF,R-238,CONMEBOL,2
534,M-2010-27,T-68,UEFA,R-264,CAF,4
535,M-2010-28,T-41,UEFA,R-045,CONCACAF,0
536,M-2010-29,T-09,CONMEBOL,R-237,UEFA,2
537,M-2010-30,T-58,UEFA,R-350,CONMEBOL,2
538,M-2010-31,T-13,CONMEBOL,R-011,AFC,6
539,M-2010-32,T-73,UEFA,R-317,AFC,0
540,M-2010-33,T-30,UEFA,R-384,CONMEBOL,1
541,M-2010-34,T-46,CONCACAF,R-217,UEFA,2
542,M-2010-35,T-33,UEFA,R-202,AFC,1
543,M-2010-36,T-50,CAF,R-053,UEFA,3
544,M-2010-37,T-69,UEFA,R-418,UEFA,3
545,M-2010-38,T-83,CONCACAF,R-117,UEFA,2
546,M-2010-39,T-04,AFC,R-238,CONMEBOL,3
547,M-2010-40,T-32,CAF,R-409,CONMEBOL,1
548,M-2010-41,T-55,CONMEBOL,R-317,AFC,2
549,M-2010-42,T-68,UEFA,R-473,UEFA,4
550,M-2010-43,T-11,CAF,R-350,CONMEBOL,2
551,M-2010-44,T-22,UEFA,R-113,CAF,3
552,M-2010-45,T-51,AFC,R-445,UEFA,0
553,M-2010-46,T-58,UEFA,R-025,CONCACAF,4
554,M-2010-47,T-13,CONMEBOL,R-377,CONCACAF,4
555,M-2010-48,T-75,UEFA,R-038,CONMEBOL,1
556,M-2010-49,T-84,CONMEBOL,R-418,UEFA,0
557,M-2010-50,T-83,CONCACAF,R-217,UEFA,3
558,M-2010-51,T-31,UEFA,R-238,CONMEBOL,1
559,M-2010-52,T-03,CONMEBOL,R-381,UEFA,0
560,M-2010-53,T-48,UEFA,R-445,UEFA,2
561,M-2010-54,T-09,CONMEBOL,R-473,UEFA,2
562,M-2010-55,T-55,CONMEBOL,R-117,UEFA,1
563,M-2010-56,T-73,UEFA,R-038,CONMEBOL,1
564,M-2010-57,T-48,UEFA,R-317,AFC,4
565,M-2010-58,T-84,CONMEBOL,R-053,UEFA,3
566,M-2010-59,T-03,CONMEBOL,R-202,AFC,2
567,M-2010-60,T-55,CONMEBOL,R-045,CONCACAF,4
568,M-2010-61,T-84,CONMEBOL,R-202,AFC,2
569,M-2010-62,T-31,UEFA,R-217,UEFA,0
570,M-2010-63,T-84,CONMEBOL,R-025,CONCACAF,1
571,M-2010-64,T-48,UEFA,R-473,UEFA,9
572,M-2014-01,T-09,CONMEBOL,R-317,AFC,2
573,M-2014-02,T-46,CONCACAF,R-379,CONMEBOL,1
574,M-2014-03,T-73,UEFA,R-374,UEFA,1
575,M-2014-04,T-13,CONMEBOL,R-130,CAF,1
576,M-2014-05,T-16,CONMEBOL,R-169,CONCACAF,1
577,M-2014-06,T-84,CONMEBOL,R-070,UEFA,3
578,M-2014-07,T-28,UEFA,R-228,UEFA,1
579,M-2014-08,T-42,CAF,R-331,CONMEBOL,2
580,M-2014-09,T-75,UEFA,R-202,AFC,1
581,M-2014-10,T-30,UEFA,R-372,CONMEBOL,3
582,M-2014-11,T-03,CONMEBOL,R-007,CONCACAF,1
583,M-2014-12,T-31,UEFA,R-287,UEFA,0
584,M-2014-13,T-38,AFC,R-464,CONMEBOL,1
585,M-2014-14,T-32,CAF,R-141,UEFA,2
586,M-2014-15,T-06,UEFA,R-377,CONCACAF,1
587,M-2014-16,T-09,CONMEBOL,R-076,UEFA,2
588,M-2014-17,T-62,UEFA,R-346,CONMEBOL,1
589,M-2014-18,T-04,AFC,R-185,CAF,1
590,M-2014-19,T-73,UEFA,R-169,CONCACAF,1
591,M-2014-20,T-11,CAF,R-352,UEFA,0
592,M-2014-21,T-16,CONMEBOL,R-473,UEFA,0
593,M-2014-22,T-84,CONMEBOL,R-462,UEFA,1
594,M-2014-23,T-44,AFC,R-007,CONCACAF,1
595,M-2014-24,T-41,UEFA,R-331,CONMEBOL,1
596,M-2014-25,T-75,UEFA,R-228,UEFA,0
597,M-2014-26,T-35,CONCACAF,R-477,AFC,2
598,M-2014-27,T-03,CONMEBOL,R-287,UEFA,0
599,M-2014-28,T-31,UEFA,R-372,CONMEBOL,0
600,M-2014-29,T-50,CAF,R-320,OFC,1
601,M-2014-30,T-06,UEFA,R-070,UEFA,2
602,M-2014-31,T-71,AFC,R-379,CONMEBOL,2
603,M-2014-32,T-83,CONCACAF,R-346,CONMEBOL,1
604,M-2014-33,T-04,AFC,R-403,AFC,2
605,M-2014-34,T-48,UEFA,R-167,CAF,1
606,M-2014-35,T-11,CAF,R-141,UEFA,3
607,M-2014-36,T-18,UEFA,R-202,AFC,1
608,M-2014-37,T-17,CONCACAF,R-185,CAF,1
609,M-2014-38,T-41,UEFA,R-377,CONCACAF,2
610,M-2014-39,T-44,AFC,R-352,UEFA,1
611,M-2014-40,T-33,UEFA,R-464,CONMEBOL,0
612,M-2014-41,T-08,UEFA,R-462,UEFA,1
613,M-2014-42,T-50,CAF,R-374,UEFA,2
614,M-2014-43,T-35,CONCACAF,R-346,CONMEBOL,1
615,M-2014-44,T-25,CONMEBOL,R-130,CAF,1
616,M-2014-45,T-58,UEFA,R-403,AFC,1
617,M-2014-46,T-83,CONCACAF,R-202,AFC,2
618,M-2014-47,T-01,CAF,R-076,UEFA,3
619,M-2014-48,T-71,AFC,R-477,AFC,1
620,M-2014-49,T-09,CONMEBOL,R-473,UEFA,4
621,M-2014-50,T-16,CONMEBOL,R-228,UEFA,1
622,M-2014-51,T-48,UEFA,R-352,UEFA,0
623,M-2014-52,T-17,CONCACAF,R-477,AFC,6
624,M-2014-53,T-30,UEFA,R-169,CONCACAF,1
625,M-2014-54,T-31,UEFA,R-372,CONMEBOL,1
626,M-2014-55,T-03,CONMEBOL,R-141,UEFA,3
627,M-2014-56,T-06,UEFA,R-185,CAF,1
628,M-2014-57,T-30,UEFA,R-346,CONMEBOL,0
629,M-2014-58,T-09,CONMEBOL,R-462,UEFA,2
630,M-2014-59,T-03,CONMEBOL,R-374,UEFA,1
631,M-2014-60,T-48,UEFA,R-202,AFC,2
632,M-2014-61,T-09,CONMEBOL,R-377,CONCACAF,1
633,M-2014-62,T-48,UEFA,R-076,UEFA,2
634,M-2014-63,T-09,CONMEBOL,R-185,CAF,3
635,M-2014-64,T-31,UEFA,R-374,UEFA,2
636,M-2018-01,T-62,UEFA,R-346,CONMEBOL,1
637,M-2018-02,T-26,CAF,R-228,UEFA,2
638,M-2018-03,T-47,CAF,R-076,UEFA,1
639,M-2018-04,T-58,UEFA,R-376,UEFA,1
640,M-2018-05,T-30,UEFA,R-106,CONMEBOL,1
641,M-2018-06,T-03,CONMEBOL,R-269,UEFA,0
642,M-2018-07,T-56,CONMEBOL,R-167,CAF,1
643,M-2018-08,T-18,UEFA,R-372,CONMEBOL,2
644,M-2018-09,T-17,CONCACAF,R-124,CAF,2
645,M-2018-10,T-31,UEFA,R-147,AFC,2
646,M-2018-11,T-09,CONMEBOL,R-362,CONCACAF,1
647,M-2018-12,T-74,UEFA,R-007,CONCACAF,1
648,M-2018-13,T-06,UEFA,R-405,CAF,3
649,M-2018-14,T-79,CAF,R-379,CONMEBOL,0
650,M-2018-15,T-16,CONMEBOL,R-412,UEFA,2
651,M-2018-16,T-57,UEFA,R-403,AFC,1
652,M-2018-17,T-62,UEFA,R-075,CONMEBOL,1
653,M-2018-18,T-58,UEFA,R-169,CONCACAF,1
654,M-2018-19,T-84,CONMEBOL,R-441,UEFA,0
655,M-2018-20,T-38,AFC,R-106,CONMEBOL,2
656,M-2018-21,T-22,UEFA,R-279,UEFA,2
657,M-2018-22,T-30,UEFA,R-188,AFC,2
658,M-2018-23,T-03,CONMEBOL,R-202,AFC,3
659,M-2018-24,T-09,CONMEBOL,R-228,UEFA,2
660,M-2018-25,T-50,CAF,R-099,OFC,1
661,M-2018-26,T-66,UEFA,R-070,UEFA,4
662,M-2018-27,T-06,UEFA,R-273,CONCACAF,0
663,M-2018-28,T-71,AFC,R-287,UEFA,4
664,M-2018-29,T-31,UEFA,R-269,UEFA,2
665,M-2018-30,T-28,UEFA,R-180,CAF,1
666,M-2018-31,T-44,AFC,R-376,UEFA,2
667,M-2018-32,T-57,UEFA,R-362,CONCACAF,2
668,M-2018-33,T-63,AFC,R-379,CONMEBOL,0
669,M-2018-34,T-84,CONMEBOL,R-124,CAF,1
670,M-2018-35,T-73,UEFA,R-202,AFC,0
671,M-2018-36,T-38,AFC,R-075,CONMEBOL,2
672,M-2018-37,T-04,AFC,R-215,UEFA,4
673,M-2018-38,T-22,UEFA,R-372,CONMEBOL,1
674,M-2018-39,T-37,UEFA,R-279,UEFA,3
675,M-2018-40,T-50,CAF,R-076,UEFA,2
676,M-2018-41,T-71,AFC,R-169,CONCACAF,4
677,M-2018-42,T-46,CONCACAF,R-346,CONMEBOL,3
678,M-2018-43,T-66,UEFA,R-147,AFC,3
679,M-2018-44,T-75,UEFA,R-441,UEFA,3
680,M-2018-45,T-44,AFC,R-405,CAF,1
681,M-2018-46,T-65,CAF,R-287,UEFA,1
682,M-2018-47,T-28,UEFA,R-412,UEFA,0
683,M-2018-48,T-54,CONCACAF,R-403,AFC,3
684,M-2018-49,T-30,UEFA,R-147,AFC,3
685,M-2018-50,T-84,CONMEBOL,R-362,CONCACAF,0
686,M-2018-51,T-73,UEFA,R-228,UEFA,1
687,M-2018-52,T-18,UEFA,R-346,CONMEBOL,0
688,M-2018-53,T-09,CONMEBOL,R-376,UEFA,2
689,M-2018-54,T-06,UEFA,R-124,CAF,0
690,M-2018-55,T-74,UEFA,R-412,UEFA,1
691,M-2018-56,T-16,CONMEBOL,R-169,CONCACAF,6
692,M-2018-57,T-84,CONMEBOL,R-346,CONMEBOL,2
693,M-2018-58,T-09,CONMEBOL,R-287,UEFA,2
694,M-2018-59,T-74,UEFA,R-228,UEFA,2
695,M-2018-60,T-62,UEFA,R-372,CONMEBOL,1
696,M-2018-61,T-30,UEFA,R-106,CONMEBOL,2
697,M-2018-62,T-18,UEFA,R-076,UEFA,2
698,M-2018-63,T-06,UEFA,R-147,AFC,1
699,M-2018-64,T-30,UEFA,R-346,CONMEBOL,2
700,M-2022-01,T-59,AFC,R-327,UEFA,4
701,M-2022-02,T-28,UEFA,R-093,CONMEBOL,0
702,M-2022-03,T-65,CAF,R-386,CONMEBOL,2
703,M-2022-04,T-83,CONCACAF,R-013,AFC,4
704,M-2022-05,T-03,CONMEBOL,R-468,UEFA,0
705,M-2022-06,T-22,UEFA,R-362,CONCACAF,2
706,M-2022-07,T-46,CONCACAF,R-047,AFC,2
707,M-2022-08,T-30,UEFA,R-173,CAF,0
708,M-2022-09,T-47,CAF,R-364,CONMEBOL,1
709,M-2022-10,T-31,UEFA,R-044,CONCACAF,0
710,M-2022-11,T-73,UEFA,R-188,AFC,0
711,M-2022-12,T-06,UEFA,R-405,CAF,3
712,M-2022-13,T-75,UEFA,R-432,CONMEBOL,2
713,M-2022-14,T-84,CONMEBOL,R-441,UEFA,1
714,M-2022-15,T-58,UEFA,R-136,CONCACAF,2
715,M-2022-16,T-09,CONMEBOL,R-147,AFC,0
716,M-2022-17,T-85,UEFA,R-144,CONCACAF,1
717,M-2022-18,T-59,AFC,R-279,UEFA,3
718,M-2022-19,T-48,UEFA,R-170,CAF,0
719,M-2022-20,T-28,UEFA,R-448,CONMEBOL,0
720,M-2022-21,T-79,CAF,R-404,UEFA,3
721,M-2022-22,T-57,UEFA,R-386,CONMEBOL,3
722,M-2022-23,T-30,UEFA,R-269,UEFA,1
723,M-2022-24,T-03,CONMEBOL,R-327,UEFA,1
724,M-2022-25,T-44,AFC,R-325,UEFA,3
725,M-2022-26,T-06,UEFA,R-362,CONCACAF,1
726,M-2022-27,T-18,UEFA,R-282,CONMEBOL,2
727,M-2022-28,T-73,UEFA,R-265,UEFA,1
728,M-2022-29,T-11,CAF,R-188,AFC,2
729,M-2022-30,T-71,AFC,R-428,UEFA,2
730,M-2022-31,T-09,CONMEBOL,R-044,CONCACAF,1
731,M-2022-32,T-58,UEFA,R-147,AFC,3
732,M-2022-33,T-25,CONMEBOL,R-441,UEFA,0
733,M-2022-34,T-48,UEFA,R-167,CAF,1
734,M-2022-35,T-38,AFC,R-279,UEFA,3
735,M-2022-36,T-85,UEFA,R-468,UEFA,2
736,M-2022-37,T-04,AFC,R-170,CAF,2
737,M-2022-38,T-79,CAF,R-099,OFC,1
738,M-2022-39,T-57,UEFA,R-265,UEFA,1
739,M-2022-40,T-63,AFC,R-325,UEFA,6
740,M-2022-41,T-12,CONCACAF,R-093,CONMEBOL,4
741,M-2022-42,T-18,UEFA,R-428,UEFA,0
742,M-2022-43,T-17,CONCACAF,R-153,UEFA,1
743,M-2022-44,T-44,AFC,R-173,CAF,3
744,M-2022-45,T-32,CAF,R-404,UEFA,2
745,M-2022-46,T-71,AFC,R-432,CONMEBOL,2
746,M-2022-47,T-11,CAF,R-136,CONCACAF,5
747,M-2022-48,T-66,UEFA,R-364,CONMEBOL,7
748,M-2022-49,T-48,UEFA,R-386,CONMEBOL,2
749,M-2022-50,T-03,CONMEBOL,R-269,UEFA,0
750,M-2022-51,T-30,UEFA,R-448,CONMEBOL,1
751,M-2022-52,T-28,UEFA,R-044,CONCACAF,0
752,M-2022-53,T-44,AFC,R-136,CONCACAF,0
753,M-2022-54,T-09,CONMEBOL,R-441,UEFA,0
754,M-2022-55,T-47,CAF,R-364,CONMEBOL,1
755,M-2022-56,T-58,UEFA,R-362,CONCACAF,0
756,M-2022-57,T-18,UEFA,R-325,UEFA,2
757,M-2022-58,T-48,UEFA,R-279,UEFA,8
758,M-2022-59,T-47,CAF,R-432,CONMEBOL,3
759,M-2022-60,T-28,UEFA,R-386,CONMEBOL,1
760,M-2022-61,T-03,CONMEBOL,R-327,UEFA,2
761,M-2022-62,T-30,UEFA,R-362,CONCACAF,0
762,M-2022-63,T-18,UEFA,R-013,AFC,0
763,M-2022-64,T-03,CONMEBOL,R-269,UEFA,5
764,M-1970-01,T-72,UEFA,R-440,UEFA,4
765,M-1970-02,T-40,UEFA,R-115,UEFA,0
766,M-1970-03,T-61,UEFA,R-254,UEFA,0
767,M-1970-04,T-10,UEFA,R-392,UEFA,0
768,M-1970-05,T-27,CONCACAF,R-358,UEFA,0
769,M-1970-06,T-74,UEFA,R-429,UEFA,1
770,M-1970-07,T-21,UEFA,R-043,CONMEBOL,0
771,M-1970-08,T-47,CAF,R-456,UEFA,0
772,M-1970-09,T-06,UEFA,R-394,UEFA,0
773,M-1970-10,T-41,UEFA,R-171,UEFA,0
774,M-1970-11,T-21,UEFA,R-118,CONCACAF,1
775,M-1970-12,T-47,CAF,R-036,UEFA,0
776,M-1970-13,T-27,CONCACAF,R-214,CAF,4
777,M-1970-14,T-40,UEFA,R-427,CAF,2
778,M-1970-15,T-28,UEFA,R-223,UEFA,1
779,M-1970-16,T-10,UEFA,R-329,UEFA,0
780,M-1970-17,T-27,CONCACAF,R-194,CONMEBOL,0
781,M-1970-18,T-84,CONMEBOL,R-234,CONCACAF,0
782,M-1970-19,T-61,UEFA,R-274,UEFA,2
783,M-1970-20,T-56,CONMEBOL,R-008,CONCACAF,0
784,M-1970-21,T-06,UEFA,R-319,CONMEBOL,3
785,M-1970-22,T-40,UEFA,R-466,CONMEBOL,2
786,M-1970-23,T-21,UEFA,R-259,UEFA,1
787,M-1970-24,T-47,CAF,R-371,UEFA,0
788,M-1970-25,T-56,CONMEBOL,R-254,UEFA,0
789,M-1970-26,T-46,CONCACAF,R-394,UEFA,0
790,M-1970-27,T-84,CONMEBOL,R-456,UEFA,3
791,M-1970-28,T-28,UEFA,R-319,CONMEBOL,1
792,M-1970-29,T-84,CONMEBOL,R-329,UEFA,3
793,M-1970-30,T-86,UEFA,R-486,CONMEBOL,2
794,M-1970-31,T-84,CONMEBOL,R-392,UEFA,1
795,M-1970-32,T-41,UEFA,R-171,UEFA,1
796,M-1974-01,T-87,UEFA,R-394,UEFA,2
797,M-1974-02,T-13,CONMEBOL,R-032,UEFA,2
798,M-1974-03,T-04,AFC,R-309,CAF,0
799,M-1974-04,T-64,UEFA,R-397,UEFA,1
800,M-1974-05,T-10,UEFA,R-340,CONMEBOL,0
801,M-1974-06,T-48,UEFA,R-334,UEFA,0
802,M-1974-07,T-34,CONCACAF,R-249,CONMEBOL,1
803,M-1974-08,T-03,CONMEBOL,R-434,UEFA,2
804,M-1974-09,T-86,UEFA,R-308,CAF,0
805,M-1974-10,T-24,UEFA,R-023,UEFA,1
806,M-1974-11,T-09,CONMEBOL,R-452,UEFA,3
807,M-1974-12,T-88,CAF,R-119,CONMEBOL,0
808,M-1974-13,T-84,CONMEBOL,R-429,UEFA,1
809,M-1974-14,T-74,UEFA,R-478,CONCACAF,4
810,M-1974-15,T-41,UEFA,R-218,UEFA,1
811,M-1974-16,T-57,UEFA,R-424,AFC,0
812,M-1974-17,T-13,CONMEBOL,R-311,AFC,0
813,M-1974-18,T-87,UEFA,R-177,CONCACAF,3
814,M-1974-19,T-09,CONMEBOL,R-360,UEFA,1
815,M-1974-20,T-86,UEFA,R-043,CONMEBOL,0
816,M-1974-21,T-48,UEFA,R-061,AFC,3
817,M-1974-22,T-84,CONMEBOL,R-247,UEFA,1
818,M-1974-23,T-34,CONCACAF,R-389,UEFA,1
819,M-1974-24,T-41,UEFA,R-475,UEFA,1
820,M-1974-25,T-86,UEFA,R-271,CONMEBOL,2
821,M-1974-26,T-24,UEFA,R-434,UEFA,2
822,M-1974-27,T-03,CONMEBOL,R-115,UEFA,1
823,M-1974-28,T-57,UEFA,R-043,CONMEBOL,2
824,M-1974-29,T-09,CONMEBOL,R-254,UEFA,0
825,M-1974-30,T-48,UEFA,R-394,UEFA,0
826,M-1974-31,T-87,UEFA,R-171,UEFA,0
827,M-1974-32,T-74,UEFA,R-218,UEFA,1
828,M-1974-33,T-86,UEFA,R-247,UEFA,0
829,M-1974-34,T-24,UEFA,R-429,UEFA,1
830,M-1974-35,T-09,CONMEBOL,R-440,UEFA,2
831,M-1974-36,T-87,UEFA,R-341,CONMEBOL,2
832,M-1974-37,T-57,UEFA,R-023,UEFA,1
833,M-1974-38,T-86,UEFA,R-429,UEFA,1
834,M-1978-01,T-57,UEFA,R-319,CONMEBOL,0
835,M-1978-02,T-30,UEFA,R-360,UEFA,2
836,M-1978-03,T-46,CONCACAF,R-178,UEFA,0
837,M-1978-04,T-36,UEFA,R-166,UEFA,2
838,M-1978-05,T-73,UEFA,R-334,UEFA,0
839,M-1978-06,T-74,UEFA,R-434,UEFA,1
840,M-1978-07,T-38,AFC,R-177,CONCACAF,0
841,M-1978-08,T-64,UEFA,R-142,UEFA,0
842,M-1978-09,T-36,UEFA,R-043,CONMEBOL,2
843,M-1978-10,T-79,CAF,R-276,UEFA,0
844,M-1978-11,T-46,CONCACAF,R-064,AFC,1
845,M-1978-12,T-30,UEFA,R-131,UEFA,1
846,M-1978-13,T-74,UEFA,R-103,UEFA,0
847,M-1978-14,T-73,UEFA,R-174,UEFA,1
848,M-1978-15,T-56,CONMEBOL,R-353,UEFA,0
849,M-1978-16,T-38,AFC,R-309,CAF,0
850,M-1978-17,T-36,UEFA,R-097,CONMEBOL,0
851,M-1978-18,T-46,CONCACAF,R-311,AFC,0
852,M-1978-19,T-79,CAF,R-181,CONMEBOL,1
853,M-1978-20,T-41,UEFA,R-223,UEFA,1
854,M-1978-21,T-05,UEFA,R-482,UEFA,0
855,M-1978-22,T-74,UEFA,R-057,UEFA,1
856,M-1978-23,T-38,AFC,R-207,UEFA,0
857,M-1978-24,T-48,UEFA,R-247,UEFA,0
858,M-1978-25,T-48,UEFA,R-178,UEFA,0
859,M-1978-26,T-86,UEFA,R-266,UEFA,0
860,M-1978-27,T-56,CONMEBOL,R-360,UEFA,0
861,M-1978-28,T-57,UEFA,R-142,UEFA,1
862,M-1978-29,T-57,UEFA,R-336,UEFA,2
863,M-1978-30,T-05,UEFA,R-373,UEFA,0
864,M-1978-31,T-86,UEFA,R-043,CONMEBOL,1
865,M-1978-32,T-09,CONMEBOL,R-334,UEFA,0
866,M-1978-33,T-86,UEFA,R-223,UEFA,1
867,M-1978-34,T-48,UEFA,R-276,UEFA,2
868,M-1978-35,T-57,UEFA,R-408,CONMEBOL,0
869,M-1978-36,T-56,CONMEBOL,R-482,UEFA,0
870,M-1978-37,T-41,UEFA,R-223,UEFA,1
871,M-1978-38,T-48,UEFA,R-174,UEFA,3
872,M-1982-01,T-06,UEFA,R-092,UEFA,1
873,M-1982-02,T-57,UEFA,R-459,UEFA,1
874,M-1982-03,T-72,UEFA,R-232,UEFA,0
875,M-1982-04,T-11,CAF,R-479,UEFA,1
876,M-1982-05,T-27,CONCACAF,R-010,AFC,0
877,M-1982-06,T-49,OFC,R-415,CONCACAF,0
878,M-1982-07,T-01,CAF,R-230,CONMEBOL,1
879,M-1982-08,T-30,UEFA,R-166,UEFA,0
880,M-1982-09,T-35,CONCACAF,R-203,CONMEBOL,0
881,M-1982-10,T-05,UEFA,R-081,CONMEBOL,2
882,M-1982-11,T-45,AFC,R-134,CAF,0
883,M-1982-12,T-52,UEFA,R-154,UEFA,1
884,M-1982-13,T-56,CONMEBOL,R-143,UEFA,1
885,M-1982-14,T-36,UEFA,R-231,CAF,0
886,M-1982-15,T-64,UEFA,R-337,CONCACAF,0
887,M-1982-16,T-11,CAF,R-348,UEFA,2
888,M-1982-17,T-27,CONCACAF,R-302,UEFA,2
889,M-1982-18,T-49,OFC,R-017,CAF,0
890,M-1982-19,T-13,CONMEBOL,R-160,UEFA,2
891,M-1982-20,T-21,UEFA,R-103,UEFA,1
892,M-1982-21,T-87,UEFA,R-257,UEFA,2
893,M-1982-22,T-05,UEFA,R-061,AFC,0
894,M-1982-23,T-45,AFC,R-423,UEFA,2
895,M-1982-24,T-52,UEFA,R-089,AFC,0
896,M-1982-25,T-56,CONMEBOL,R-460,CONCACAF,1
897,M-1982-26,T-36,UEFA,R-476,UEFA,0
898,M-1982-27,T-64,UEFA,R-360,UEFA,1
899,M-1982-28,T-11,CAF,R-129,UEFA,1
900,M-1982-29,T-27,CONCACAF,R-042,CONMEBOL,3
901,M-1982-30,T-49,OFC,R-283,UEFA,0
902,M-1982-31,T-13,CONMEBOL,R-295,CONCACAF,1
903,M-1982-32,T-21,UEFA,R-084,UEFA,1
904,M-1982-33,T-87,UEFA,R-086,CONMEBOL,1
905,M-1982-34,T-05,UEFA,R-447,UEFA,2
906,M-1982-35,T-45,AFC,R-026,CONMEBOL,1
907,M-1982-36,T-52,UEFA,R-328,CONMEBOL,2
908,M-1982-37,T-30,UEFA,R-334,UEFA,0
909,M-1982-38,T-06,UEFA,R-337,CONCACAF,0
910,M-1982-39,T-03,CONMEBOL,R-360,UEFA,3
911,M-1982-40,T-28,UEFA,R-097,CONMEBOL,0
912,M-1982-41,T-52,UEFA,R-353,UEFA,0
913,M-1982-42,T-72,UEFA,R-459,UEFA,1
914,M-1982-43,T-09,CONMEBOL,R-460,CONCACAF,2
915,M-1982-44,T-73,UEFA,R-084,UEFA,3
916,M-1982-45,T-52,UEFA,R-207,UEFA,1
917,M-1982-46,T-57,UEFA,R-447,UEFA,2
918,M-1982-47,T-09,CONMEBOL,R-223,UEFA,0
919,M-1982-48,T-28,UEFA,R-348,UEFA,1
920,M-1982-49,T-41,UEFA,R-081,CONMEBOL,1
921,M-1982-50,T-30,UEFA,R-103,UEFA,2
922,M-1982-51,T-30,UEFA,R-166,UEFA,1
923,M-1982-52,T-86,UEFA,R-097,CONMEBOL,3
924,M-1986-01,T-41,UEFA,R-154,UEFA,2
925,M-1986-02,T-09,CONMEBOL,R-040,AFC,1
926,M-1986-03,T-30,UEFA,R-406,CONMEBOL,0
927,M-1986-04,T-71,AFC,R-388,UEFA,2
928,M-1986-05,T-36,UEFA,R-006,UEFA,0
929,M-1986-06,T-57,UEFA,R-278,CONMEBOL,0
930,M-1986-07,T-46,CONCACAF,R-145,CONMEBOL,2
931,M-1986-08,T-52,UEFA,R-074,UEFA,3
932,M-1986-09,T-28,UEFA,R-382,UEFA,2
933,M-1986-10,T-39,AFC,R-345,CAF,1
934,M-1986-11,T-86,UEFA,R-092,UEFA,0
935,M-1986-12,T-22,UEFA,R-313,UEFA,1
936,M-1986-13,T-03,CONMEBOL,R-220,UEFA,2
937,M-1986-14,T-72,UEFA,R-027,CONMEBOL,2
938,M-1986-15,T-10,UEFA,R-014,AFC,1
939,M-1986-16,T-12,CONCACAF,R-015,AFC,3
940,M-1986-17,T-01,CAF,R-295,CONCACAF,0
941,M-1986-18,T-47,CAF,R-176,CONMEBOL,2
942,M-1986-19,T-55,CONMEBOL,R-105,UEFA,2
943,M-1986-20,T-73,UEFA,R-069,UEFA,1
944,M-1986-21,T-58,UEFA,R-055,CAF,0
945,M-1986-22,T-06,UEFA,R-122,CONMEBOL,1
946,M-1986-23,T-64,UEFA,R-198,UEFA,3
947,M-1986-24,T-84,CONMEBOL,R-272,CONCACAF,3
948,M-1986-25,T-30,UEFA,R-407,UEFA,2
949,M-1986-26,T-12,CONCACAF,R-439,CAF,0
950,M-1986-27,T-10,UEFA,R-442,CONCACAF,0
951,M-1986-28,T-41,UEFA,R-415,CONCACAF,3
952,M-1986-29,T-46,CONCACAF,R-343,UEFA,0
953,M-1986-30,T-06,UEFA,R-129,UEFA,1
954,M-1986-31,T-57,UEFA,R-110,UEFA,0
955,M-1986-32,T-47,CAF,R-414,UEFA,0
956,M-1986-33,T-73,UEFA,R-426,AFC,1
957,M-1986-34,T-09,CONMEBOL,R-222,UEFA,0
958,M-1986-35,T-86,UEFA,R-348,UEFA,2
959,M-1986-36,T-84,CONMEBOL,R-357,UEFA,3
960,M-1986-37,T-10,UEFA,R-027,CONMEBOL,1
961,M-1986-38,T-06,UEFA,R-154,UEFA,1
962,M-1986-39,T-57,UEFA,R-382,UEFA,3
963,M-1986-40,T-84,CONMEBOL,R-006,UEFA,4
964,M-1986-41,T-30,UEFA,R-145,CONMEBOL,1
965,M-1986-42,T-86,UEFA,R-343,UEFA,0
966,M-1986-43,T-55,CONMEBOL,R-015,AFC,1
967,M-1986-44,T-73,UEFA,R-220,UEFA,3
968,M-1986-45,T-30,UEFA,R-198,UEFA,0
969,M-1986-46,T-46,CONCACAF,R-122,CONMEBOL,6
970,M-1986-47,T-28,UEFA,R-055,CAF,1
971,M-1986-48,T-06,UEFA,R-222,UEFA,2
972,M-1986-49,T-86,UEFA,R-006,UEFA,1
973,M-1986-50,T-06,UEFA,R-272,CONCACAF,1
974,M-1986-51,T-30,UEFA,R-105,UEFA,0
975,M-1986-52,T-86,UEFA,R-027,CONMEBOL,2
976,M-1990-01,T-11,CAF,R-459,UEFA,2
977,M-1990-02,T-61,UEFA,R-081,CONMEBOL,1
978,M-1990-03,T-16,CONMEBOL,R-105,UEFA,0
979,M-1990-04,T-05,UEFA,R-481,CONMEBOL,1
980,M-1990-05,T-21,UEFA,R-383,UEFA,2
981,M-1990-06,T-74,UEFA,R-235,UEFA,1
982,M-1990-07,T-87,UEFA,R-299,UEFA,0
983,M-1990-08,T-64,UEFA,R-255,CONMEBOL,0
984,M-1990-09,T-60,UEFA,R-396,UEFA,0
985,M-1990-10,T-71,AFC,R-286,CONCACAF,1
986,M-1990-11,T-26,CAF,R-416,UEFA,1
987,M-1990-12,T-73,UEFA,R-224,UEFA,2
988,M-1990-13,T-72,UEFA,R-154,UEFA,1
989,M-1990-14,T-61,UEFA,R-406,CONMEBOL,1
990,M-1990-15,T-16,CONMEBOL,R-006,UEFA,0
991,M-1990-16,T-83,CONCACAF,R-094,CONCACAF,1
992,M-1990-17,T-21,UEFA,R-413,UEFA,2
993,M-1990-18,T-82,AFC,R-417,UEFA,2
994,M-1990-19,T-17,CONCACAF,R-211,CAF,2
995,M-1990-20,T-64,UEFA,R-261,CONMEBOL,1
996,M-1990-21,T-48,UEFA,R-343,UEFA,0
997,M-1990-22,T-26,CAF,R-453,UEFA,1
998,M-1990-23,T-84,CONMEBOL,R-222,UEFA,1
999,M-1990-24,T-73,UEFA,R-206,CONMEBOL,0
1000,M-1990-25,T-61,UEFA,R-407,UEFA,3
1001,M-1990-26,T-72,UEFA,R-481,CONMEBOL,1
1002,M-1990-27,T-16,CONMEBOL,R-414,UEFA,3
1003,M-1990-28,T-82,AFC,R-426,AFC,3
1004,M-1990-29,T-83,CONCACAF,R-015,AFC,4
1005,M-1990-30,T-21,UEFA,R-357,UEFA,2
1006,M-1990-31,T-64,UEFA,R-224,UEFA,2
1007,M-1990-32,T-17,CONCACAF,R-343,UEFA,2
1008,M-1990-33,T-73,UEFA,R-255,CONMEBOL,0
1009,M-1990-34,T-84,CONMEBOL,R-235,UEFA,2
1010,M-1990-35,T-26,CAF,R-383,UEFA,2
1011,M-1990-36,T-48,UEFA,R-459,UEFA,1
1012,M-1990-37,T-16,CONMEBOL,R-235,UEFA,2
1013,M-1990-38,T-17,CONCACAF,R-222,UEFA,2
1014,M-1990-39,T-03,CONMEBOL,R-357,UEFA,3
1015,M-1990-40,T-48,UEFA,R-255,CONMEBOL,2
1016,M-1990-41,T-61,UEFA,R-481,CONMEBOL,2
1017,M-1990-42,T-84,CONMEBOL,R-105,UEFA,4
1018,M-1990-43,T-87,UEFA,R-396,UEFA,3
1019,M-1990-44,T-06,UEFA,R-299,UEFA,0
1020,M-1990-45,T-87,UEFA,R-383,UEFA,2
1021,M-1990-46,T-41,UEFA,R-407,UEFA,1
1022,M-1990-47,T-86,UEFA,R-224,UEFA,1
1023,M-1990-48,T-28,UEFA,R-094,CONCACAF,1
1024,M-1990-49,T-41,UEFA,R-459,UEFA,1
1025,M-1990-50,T-28,UEFA,R-481,CONMEBOL,2
1026,M-1990-51,T-28,UEFA,R-357,UEFA,0
1027,M-1990-52,T-03,CONMEBOL,R-094,CONCACAF,2
1028,M-1994-01,T-07,CONMEBOL,R-067,CONCACAF,4
1029,M-1994-02,T-71,AFC,R-299,UEFA,2
1030,M-1994-03,T-75,UEFA,R-233,CONMEBOL,2
1031,M-1994-04,T-60,UEFA,R-450,UEFA,3
1032,M-1994-05,T-61,UEFA,R-015,AFC,1
1033,M-1994-06,T-47,CAF,R-436,CONMEBOL,3
1034,M-1994-07,T-46,CONCACAF,R-354,UEFA,1
1035,M-1994-08,T-74,UEFA,R-431,CONMEBOL,1
1036,M-1994-09,T-62,UEFA,R-246,CAF,3
1037,M-1994-10,T-63,AFC,R-123,UEFA,3
1038,M-1994-11,T-33,UEFA,R-022,CONCACAF,2
1039,M-1994-12,T-73,UEFA,R-087,CONMEBOL,3
1040,M-1994-13,T-10,UEFA,R-033,CONCACAF,1
1041,M-1994-14,T-75,UEFA,R-211,CAF,0
1042,M-1994-15,T-16,CONMEBOL,R-037,UEFA,1
1043,M-1994-16,T-53,UEFA,R-227,UEFA,2
1044,M-1994-17,T-07,CONMEBOL,R-305,UEFA,4
1045,M-1994-18,T-60,UEFA,R-383,UEFA,2
1046,M-1994-19,T-11,CAF,R-067,CONCACAF,2
1047,M-1994-20,T-62,UEFA,R-357,UEFA,3
1048,M-1994-21,T-48,UEFA,R-275,CONMEBOL,5
1049,M-1994-22,T-47,CAF,R-127,UEFA,2
1050,M-1994-23,T-50,CAF,R-216,UEFA,2
1051,M-1994-24,T-33,UEFA,R-071,AFC,4
1052,M-1994-25,T-16,CONMEBOL,R-299,UEFA,3
1053,M-1994-26,T-61,UEFA,R-450,UEFA,2
1054,M-1994-27,T-73,UEFA,R-033,CONCACAF,2
1055,M-1994-28,T-71,AFC,R-357,UEFA,1
1056,M-1994-29,T-46,CONCACAF,R-233,CONMEBOL,3
1057,M-1994-30,T-53,UEFA,R-436,CONMEBOL,2
1058,M-1994-31,T-11,CAF,R-015,AFC,2
1059,M-1994-32,T-74,UEFA,R-354,UEFA,1
1060,M-1994-33,T-63,AFC,R-227,UEFA,2
1061,M-1994-34,T-48,UEFA,R-431,CONMEBOL,2
1062,M-1994-35,T-10,UEFA,R-211,CAF,6
1063,M-1994-36,T-50,CAF,R-305,UEFA,2
1064,M-1994-37,T-06,UEFA,R-383,UEFA,1
1065,M-1994-38,T-75,UEFA,R-450,UEFA,4
1066,M-1994-39,T-74,UEFA,R-275,CONMEBOL,3
1067,M-1994-40,T-03,CONMEBOL,R-332,UEFA,4
1068,M-1994-41,T-60,UEFA,R-299,UEFA,0
1069,M-1994-42,T-83,CONCACAF,R-357,UEFA,5
1070,M-1994-43,T-41,UEFA,R-067,CONCACAF,5
1071,M-1994-44,T-10,UEFA,R-015,AFC,5
1072,M-1994-45,T-73,UEFA,R-354,UEFA,2
1073,M-1994-46,T-09,CONMEBOL,R-033,CONCACAF,1
1074,M-1994-47,T-31,UEFA,R-436,CONMEBOL,5
1075,M-1994-48,T-74,UEFA,R-127,UEFA,3
1076,M-1994-49,T-41,UEFA,R-357,UEFA,2
1077,M-1994-50,T-09,CONMEBOL,R-436,CONMEBOL,1
1078,M-1994-51,T-10,UEFA,R-071,AFC,1
1079,M-1994-52,T-41,UEFA,R-354,UEFA,2
1080,M-1998-01,T-64,UEFA,R-164,UEFA,1
1081,M-1998-02,T-53,UEFA,R-444,AFC,0
1082,M-1998-03,T-13,CONMEBOL,R-063,CAF,3
1083,M-1998-04,T-05,UEFA,R-175,CONMEBOL,1
1084,M-1998-05,T-10,UEFA,R-359,AFC,4
1085,M-1998-06,T-22,UEFA,R-085,CONMEBOL,3
1086,M-1998-07,T-70,CAF,R-369,CONMEBOL,1
1087,M-1998-08,T-50,CAF,R-035,CONCACAF,1
1088,M-1998-09,T-46,CONCACAF,R-051,UEFA,2
1089,M-1998-10,T-06,UEFA,R-098,UEFA,2
1090,M-1998-11,T-44,AFC,R-450,UEFA,3
1091,M-1998-12,T-38,AFC,R-431,CONMEBOL,0
1092,M-1998-13,T-18,UEFA,R-294,UEFA,2
1093,M-1998-14,T-79,CAF,R-324,AFC,3
1094,M-1998-15,T-16,CONMEBOL,R-246,CAF,1
1095,M-1998-16,T-83,CONCACAF,R-050,CAF,2
1096,M-1998-17,T-53,UEFA,R-446,UEFA,2
1097,M-1998-18,T-47,CAF,R-245,UEFA,2
1098,M-1998-19,T-05,UEFA,R-012,CAF,1
1099,M-1998-20,T-11,CAF,R-244,AFC,4
1100,M-1998-21,T-22,UEFA,R-435,CONMEBOL,3
1101,M-1998-22,T-63,AFC,R-067,CONCACAF,2
1102,M-1998-23,T-10,UEFA,R-390,CONMEBOL,2
1103,M-1998-24,T-55,CONMEBOL,R-290,CAF,2
1104,M-1998-25,T-18,UEFA,R-361,CONCACAF,2
1105,M-1998-26,T-46,CONCACAF,R-111,UEFA,2
1106,M-1998-27,T-71,AFC,R-480,UEFA,2
1107,M-1998-28,T-87,UEFA,R-315,UEFA,0
1108,M-1998-29,T-43,CONCACAF,R-339,UEFA,3
1109,M-1998-30,T-38,AFC,R-292,UEFA,2
1110,M-1998-31,T-79,CAF,R-193,UEFA,2
1111,M-1998-32,T-28,UEFA,R-046,UEFA,0
1112,M-1998-33,T-11,CAF,R-446,UEFA,0
1113,M-1998-34,T-05,UEFA,R-132,UEFA,4
1114,M-1998-35,T-53,UEFA,R-035,CONCACAF,2
1115,M-1998-36,T-47,CAF,R-071,AFC,1
1116,M-1998-37,T-22,UEFA,R-098,UEFA,2
1117,M-1998-38,T-63,AFC,R-390,CONMEBOL,1
1118,M-1998-39,T-55,CONMEBOL,R-444,AFC,0
1119,M-1998-40,T-10,UEFA,R-450,UEFA,2
1120,M-1998-41,T-71,AFC,R-369,CONMEBOL,4
1121,M-1998-42,T-46,CONCACAF,R-359,AFC,4
1122,M-1998-43,T-38,AFC,R-175,CONMEBOL,1
1123,M-1998-44,T-87,UEFA,R-012,CAF,2
1124,M-1998-45,T-18,UEFA,R-050,CAF,4
1125,M-1998-46,T-43,CONCACAF,R-051,UEFA,2
1126,M-1998-47,T-28,UEFA,R-067,CONCACAF,2
1127,M-1998-48,T-79,CAF,R-244,AFC,2
1128,M-1998-49,T-53,UEFA,R-193,UEFA,3
1129,M-1998-50,T-13,CONMEBOL,R-046,UEFA,2
1130,M-1998-51,T-55,CONMEBOL,R-071,AFC,5
1131,M-1998-52,T-22,UEFA,R-292,UEFA,1
1132,M-1998-53,T-46,CONCACAF,R-294,UEFA,2
1133,M-1998-54,T-87,UEFA,R-164,UEFA,3
1134,M-1998-55,T-18,UEFA,R-085,CONMEBOL,2
1135,M-1998-56,T-28,UEFA,R-315,UEFA,2
1136,M-1998-57,T-30,UEFA,R-111,UEFA,2
1137,M-1998-58,T-22,UEFA,R-012,CAF,3
1138,M-1998-59,T-03,CONMEBOL,R-067,CONCACAF,2
1139,M-1998-60,T-18,UEFA,R-339,UEFA,2
1140,M-1998-61,T-48,UEFA,R-071,AFC,4
1141,M-1998-62,T-18,UEFA,R-164,UEFA,3
1142,M-1998-63,T-18,UEFA,R-175,CONMEBOL,4
1143,M-1998-64,T-30,UEFA,R-050,CAF,4
1144,M-2002-01,T-65,CAF,R-071,AFC,1
1145,M-2002-02,T-11,CAF,R-212,AFC,1
1146,M-2002-03,T-22,UEFA,R-268,AFC,2
1147,M-2002-04,T-63,AFC,R-024,CONMEBOL,1
1148,M-2002-05,T-50,CAF,R-461,UEFA,1
1149,M-2002-06,T-70,CAF,R-298,UEFA,4
1150,M-2002-07,T-74,UEFA,R-409,CONMEBOL,2
1151,M-2002-08,T-69,UEFA,R-182,CAF,2
1152,M-2002-09,T-46,CONCACAF,R-256,AFC,0
1153,M-2002-10,T-80,UEFA,R-221,AFC,3
1154,M-2002-11,T-25,CONMEBOL,R-186,CONCACAF,3
1155,M-2002-12,T-17,CONCACAF,R-458,UEFA,4
1156,M-2002-13,T-06,UEFA,R-285,CONCACAF,3
1157,M-2002-14,T-57,UEFA,R-384,CONMEBOL,3
1158,M-2002-15,T-79,CAF,R-351,CONCACAF,2
1159,M-2002-16,T-58,UEFA,R-304,CONMEBOL,2
1160,M-2002-17,T-60,UEFA,R-315,UEFA,0
1161,M-2002-18,T-65,CAF,R-045,CONCACAF,1
1162,M-2002-19,T-63,AFC,R-189,UEFA,1
1163,M-2002-20,T-84,CONMEBOL,R-363,CONCACAF,4
1164,M-2002-21,T-50,CAF,R-330,CONMEBOL,1
1165,M-2002-22,T-55,CONMEBOL,R-012,CAF,3
1166,M-2002-23,T-28,UEFA,R-098,UEFA,2
1167,M-2002-24,T-69,UEFA,R-387,CONMEBOL,4
1168,M-2002-25,T-18,UEFA,R-347,UEFA,1
1169,M-2002-26,T-14,AFC,R-155,UEFA,0
1170,M-2002-27,T-25,CONMEBOL,R-108,CAF,5
1171,M-2002-28,T-80,UEFA,R-096,AFC,3
1172,M-2002-29,T-62,UEFA,R-297,UEFA,3
1173,M-2002-30,T-83,CONCACAF,R-292,UEFA,2
1174,M-2002-31,T-06,UEFA,R-401,AFC,1
1175,M-2002-32,T-57,UEFA,R-111,UEFA,2
1176,M-2002-33,T-30,UEFA,R-294,UEFA,1
1177,M-2002-34,T-84,CONMEBOL,R-474,UEFA,5
1178,M-2002-35,T-31,UEFA,R-253,UEFA,8
1179,M-2002-36,T-60,UEFA,R-310,CAF,1
1180,M-2002-37,T-28,UEFA,R-186,CONCACAF,0
1181,M-2002-38,T-03,CONMEBOL,R-071,AFC,3
1182,M-2002-39,T-55,CONMEBOL,R-363,CONCACAF,2
1183,M-2002-40,T-73,UEFA,R-268,AFC,0
1184,M-2002-41,T-09,CONMEBOL,R-012,CAF,1
1185,M-2002-42,T-14,AFC,R-384,CONMEBOL,2
1186,M-2002-43,T-18,UEFA,R-285,CONCACAF,2
1187,M-2002-44,T-41,UEFA,R-409,CONMEBOL,5
1188,M-2002-45,T-62,UEFA,R-315,UEFA,4
1189,M-2002-46,T-44,AFC,R-461,UEFA,0
1190,M-2002-47,T-83,CONCACAF,R-256,AFC,1
1191,M-2002-48,T-71,AFC,R-387,CONMEBOL,4
1192,M-2002-49,T-55,CONMEBOL,R-045,CONCACAF,1
1193,M-2002-50,T-28,UEFA,R-297,UEFA,1
1194,M-2002-51,T-65,CAF,R-024,CONMEBOL,2
1195,M-2002-52,T-60,UEFA,R-155,UEFA,0
1196,M-2002-53,T-83,CONCACAF,R-294,UEFA,5
1197,M-2002-54,T-06,UEFA,R-351,CONCACAF,1
1198,M-2002-55,T-80,UEFA,R-098,UEFA,3
1199,M-2002-56,T-41,UEFA,R-304,CONMEBOL,5
1200,M-2002-57,T-09,CONMEBOL,R-363,CONCACAF,0
1201,M-2002-58,T-83,CONCACAF,R-111,UEFA,5
1202,M-2002-59,T-71,AFC,R-012,CAF,1
1203,M-2002-60,T-80,UEFA,R-384,CONMEBOL,2
1204,M-2002-61,T-71,AFC,R-292,UEFA,1
1205,M-2002-62,T-80,UEFA,R-315,UEFA,2
1206,M-2002-63,T-80,UEFA,R-268,AFC,2
1207,M-2002-64,T-09,CONMEBOL,R-098,UEFA,1
1208,M-2006-01,T-17,CONCACAF,R-137,CONMEBOL,1
1209,M-2006-02,T-25,CONMEBOL,R-212,AFC,2
1210,M-2006-03,T-55,CONMEBOL,R-377,CONCACAF,1
1211,M-2006-04,T-74,UEFA,R-263,AFC,1
1212,M-2006-05,T-42,CAF,R-117,UEFA,2
1213,M-2006-06,T-48,UEFA,R-297,UEFA,2
1214,M-2006-07,T-38,AFC,R-381,UEFA,1
1215,M-2006-08,T-58,UEFA,R-238,CONMEBOL,2
1216,M-2006-09,T-44,AFC,R-001,CAF,3
1217,M-2006-10,T-20,UEFA,R-021,CONMEBOL,4
1218,M-2006-11,T-32,CAF,R-409,CONMEBOL,2
1219,M-2006-12,T-77,CAF,R-347,UEFA,4
1220,M-2006-13,T-75,UEFA,R-204,UEFA,5
1221,M-2006-14,T-18,UEFA,R-025,CONCACAF,3
1222,M-2006-15,T-81,UEFA,R-072,UEFA,2
1223,M-2006-16,T-63,AFC,R-401,AFC,0
1224,M-2006-17,T-57,UEFA,R-291,UEFA,4
1225,M-2006-18,T-17,CONCACAF,R-096,AFC,2
1226,M-2006-19,T-78,CONCACAF,R-212,AFC,5
1227,M-2006-20,T-55,CONMEBOL,R-298,UEFA,5
1228,M-2006-21,T-67,UEFA,R-381,UEFA,3
1229,M-2006-22,T-42,CAF,R-384,CONMEBOL,3
1230,M-2006-23,T-02,CAF,R-263,AFC,5
1231,M-2006-24,T-38,AFC,R-349,UEFA,4
1232,M-2006-25,T-32,CAF,R-137,CONMEBOL,6
1233,M-2006-26,T-83,CONCACAF,R-238,CONMEBOL,2
1234,M-2006-27,T-18,UEFA,R-117,UEFA,2
1235,M-2006-28,T-04,AFC,R-297,UEFA,2
1236,M-2006-29,T-71,AFC,R-025,CONCACAF,2
1237,M-2006-30,T-75,UEFA,R-021,CONMEBOL,1
1238,M-2006-31,T-81,UEFA,R-347,UEFA,3
1239,M-2006-32,T-79,CAF,R-409,CONMEBOL,6
1240,M-2006-33,T-57,UEFA,R-263,AFC,5
1241,M-2006-34,T-31,UEFA,R-204,UEFA,1
1242,M-2006-35,T-78,CONCACAF,R-381,UEFA,2
1243,M-2006-36,T-28,UEFA,R-072,UEFA,1
1244,M-2006-37,T-02,CAF,R-401,AFC,3
1245,M-2006-38,T-46,CONCACAF,R-298,UEFA,5
1246,M-2006-39,T-67,UEFA,R-377,CONCACAF,5
1247,M-2006-40,T-03,CONMEBOL,R-291,UEFA,2
1248,M-2006-41,T-41,UEFA,R-025,CONCACAF,1
1249,M-2006-42,T-83,CONCACAF,R-297,UEFA,1
1250,M-2006-43,T-04,AFC,R-347,UEFA,2
1251,M-2006-44,T-09,CONMEBOL,R-349,UEFA,1
1252,M-2006-45,T-73,UEFA,R-096,AFC,3
1253,M-2006-46,T-79,CAF,R-021,CONMEBOL,4
1254,M-2006-47,T-71,AFC,R-137,CONMEBOL,5
1255,M-2006-48,T-30,UEFA,R-238,CONMEBOL,1
1256,M-2006-49,T-74,UEFA,R-409,CONMEBOL,4
1257,M-2006-50,T-46,CONCACAF,R-072,UEFA,4
1258,M-2006-51,T-25,CONMEBOL,R-117,UEFA,3
1259,M-2006-52,T-48,UEFA,R-204,UEFA,7
1260,M-2006-53,T-04,AFC,R-291,UEFA,3
1261,M-2006-54,T-81,UEFA,R-025,CONCACAF,0
1262,M-2006-55,T-32,CAF,R-298,UEFA,6
1263,M-2006-56,T-30,UEFA,R-381,UEFA,3
1264,M-2006-57,T-03,CONMEBOL,R-298,UEFA,4
1265,M-2006-58,T-81,UEFA,R-117,UEFA,3
1266,M-2006-59,T-58,UEFA,R-137,CONMEBOL,2
1267,M-2006-60,T-30,UEFA,R-291,UEFA,3
1268,M-2006-61,T-41,UEFA,R-025,CONCACAF,1
1269,M-2006-62,T-30,UEFA,R-238,CONMEBOL,1
1270,M-2006-63,T-58,UEFA,R-212,AFC,3
1271,M-2006-64,T-30,UEFA,R-137,CONMEBOL,3
1272,M-2010-01,T-46,CONCACAF,R-202,AFC,2
1273,M-2010-02,T-30,UEFA,R-317,AFC,3
1274,M-2010-03,T-33,UEFA,R-192,OFC,1
1275,M-2010-04,T-50,CAF,R-418,UEFA,1
1276,M-2010-05,T-83,CONCACAF,R-409,CONMEBOL,3
1277,M-2010-06,T-69,UEFA,R-045,CONCACAF,2
1278,M-2010-07,T-32,CAF,R-038,CONMEBOL,2
1279,M-2010-08,T-04,AFC,R-377,CONCACAF,3
1280,M-2010-09,T-22,UEFA,R-237,UEFA,1
1281,M-2010-10,T-11,CAF,R-053,UEFA,1
1282,M-2010-11,T-55,CONMEBOL,R-025,CONCACAF,1
1283,M-2010-12,T-68,UEFA,R-113,CAF,1
1284,M-2010-13,T-58,UEFA,R-238,CONMEBOL,1
1285,M-2010-14,T-51,AFC,R-217,UEFA,0
1286,M-2010-15,T-13,CONMEBOL,R-264,CAF,2
1287,M-2010-16,T-75,UEFA,R-473,UEFA,4
1288,M-2010-17,T-84,CONMEBOL,R-072,UEFA,0
1289,M-2010-18,T-71,AFC,R-117,UEFA,2
1290,M-2010-19,T-50,CAF,R-384,CONMEBOL,1
1291,M-2010-20,T-46,CONCACAF,R-011,AFC,4
1292,M-2010-21,T-66,UEFA,R-445,UEFA,4
1293,M-2010-22,T-83,CONCACAF,R-104,CAF,1
1294,M-2010-23,T-01,CAF,R-202,AFC,1
1295,M-2010-24,T-44,AFC,R-038,CONMEBOL,0
1296,M-2010-25,T-04,AFC,R-381,UEFA,1
1297,M-2010-26,T-22,UEFA,R-238,CONMEBOL,2
1298,M-2010-27,T-55,CONMEBOL,R-264,CAF,1
1299,M-2010-28,T-49,OFC,R-045,CONCACAF,3
1300,M-2010-29,T-42,CAF,R-237,UEFA,3
1301,M-2010-30,T-51,AFC,R-350,CONMEBOL,2
1302,M-2010-31,T-75,UEFA,R-011,AFC,3
1303,M-2010-32,T-35,CONCACAF,R-317,AFC,2
1304,M-2010-33,T-70,CAF,R-384,CONMEBOL,0
1305,M-2010-34,T-84,CONMEBOL,R-217,UEFA,1
1306,M-2010-35,T-03,CONMEBOL,R-202,AFC,1
1307,M-2010-36,T-71,AFC,R-053,UEFA,1
1308,M-2010-37,T-28,UEFA,R-418,UEFA,1
1309,M-2010-38,T-01,CAF,R-117,UEFA,4
1310,M-2010-39,T-66,UEFA,R-238,CONMEBOL,2
1311,M-2010-40,T-31,UEFA,R-409,CONMEBOL,1
1312,M-2010-41,T-49,OFC,R-317,AFC,1
1313,M-2010-42,T-41,UEFA,R-473,UEFA,4
1314,M-2010-43,T-48,UEFA,R-350,CONMEBOL,3
1315,M-2010-44,T-44,AFC,R-113,CAF,2
1316,M-2010-45,T-42,CAF,R-445,UEFA,0
1317,M-2010-46,T-09,CONMEBOL,R-025,CONCACAF,3
1318,M-2010-47,T-73,UEFA,R-377,CONCACAF,0
1319,M-2010-48,T-35,CONCACAF,R-038,CONMEBOL,4
1320,M-2010-49,T-71,AFC,R-418,UEFA,3
1321,M-2010-50,T-32,CAF,R-217,UEFA,2
1322,M-2010-51,T-28,UEFA,R-238,CONMEBOL,1
1323,M-2010-52,T-46,CONCACAF,R-381,UEFA,1
1324,M-2010-53,T-68,UEFA,R-445,UEFA,3
1325,M-2010-54,T-13,CONMEBOL,R-473,UEFA,3
1326,M-2010-55,T-44,AFC,R-117,UEFA,4
1327,M-2010-56,T-58,UEFA,R-038,CONMEBOL,1
1328,M-2010-57,T-09,CONMEBOL,R-317,AFC,1
1329,M-2010-58,T-32,CAF,R-053,UEFA,3
1330,M-2010-59,T-31,UEFA,R-202,AFC,1
1331,M-2010-60,T-73,UEFA,R-045,CONCACAF,2
1332,M-2010-61,T-48,UEFA,R-202,AFC,3
1333,M-2010-62,T-73,UEFA,R-217,UEFA,0
1334,M-2010-63,T-31,UEFA,R-025,CONCACAF,3
1335,M-2010-64,T-73,UEFA,R-473,UEFA,5
1336,M-2014-01,T-18,UEFA,R-317,AFC,2
1337,M-2014-02,T-11,CAF,R-379,CONMEBOL,1
1338,M-2014-03,T-48,UEFA,R-374,UEFA,3
1339,M-2014-04,T-04,AFC,R-130,CAF,3
1340,M-2014-05,T-33,UEFA,R-169,CONCACAF,2
1341,M-2014-06,T-17,CONCACAF,R-070,UEFA,0
1342,M-2014-07,T-41,UEFA,R-228,UEFA,0
1343,M-2014-08,T-44,AFC,R-331,CONMEBOL,2
1344,M-2014-09,T-25,CONMEBOL,R-202,AFC,1
1345,M-2014-10,T-35,CONCACAF,R-372,CONMEBOL,4
1346,M-2014-11,T-08,UEFA,R-007,CONCACAF,1
1347,M-2014-12,T-58,UEFA,R-287,UEFA,1
1348,M-2014-13,T-50,CAF,R-464,CONMEBOL,0
1349,M-2014-14,T-83,CONCACAF,R-141,UEFA,0
1350,M-2014-15,T-01,CAF,R-377,CONCACAF,1
1351,M-2014-16,T-46,CONCACAF,R-076,UEFA,2
1352,M-2014-17,T-71,AFC,R-346,CONMEBOL,3
1353,M-2014-18,T-48,UEFA,R-185,CAF,1
1354,M-2014-19,T-13,CONMEBOL,R-169,CONCACAF,2
1355,M-2014-20,T-18,UEFA,R-352,UEFA,1
1356,M-2014-21,T-42,CAF,R-473,UEFA,2
1357,M-2014-22,T-28,UEFA,R-462,UEFA,1
1358,M-2014-23,T-33,UEFA,R-007,CONCACAF,4
1359,M-2014-24,T-17,CONCACAF,R-331,CONMEBOL,1
1360,M-2014-25,T-30,UEFA,R-228,UEFA,1
1361,M-2014-26,T-25,CONMEBOL,R-477,AFC,3
1362,M-2014-27,T-38,AFC,R-287,UEFA,2
1363,M-2014-28,T-32,CAF,R-372,CONMEBOL,1
1364,M-2014-29,T-08,UEFA,R-320,OFC,1
1365,M-2014-30,T-62,UEFA,R-070,UEFA,1
1366,M-2014-31,T-01,CAF,R-379,CONMEBOL,1
1367,M-2014-32,T-58,UEFA,R-346,CONMEBOL,0
1368,M-2014-33,T-73,UEFA,R-403,AFC,1
1369,M-2014-34,T-13,CONMEBOL,R-167,CAF,1
1370,M-2014-35,T-09,CONMEBOL,R-141,UEFA,0
1371,M-2014-36,T-46,CONCACAF,R-202,AFC,2
1372,M-2014-37,T-28,UEFA,R-185,CAF,2
1373,M-2014-38,T-84,CONMEBOL,R-377,CONCACAF,2
1374,M-2014-39,T-16,CONMEBOL,R-352,UEFA,1
1375,M-2014-40,T-42,CAF,R-464,CONMEBOL,3
1376,M-2014-41,T-38,AFC,R-462,UEFA,1
1377,M-2014-42,T-03,CONMEBOL,R-374,UEFA,0
1378,M-2014-43,T-75,UEFA,R-346,CONMEBOL,0
1379,M-2014-44,T-30,UEFA,R-130,CAF,0
1380,M-2014-45,T-32,CAF,R-403,AFC,3
1381,M-2014-46,T-31,UEFA,R-202,AFC,1
1382,M-2014-47,T-62,UEFA,R-076,UEFA,2
1383,M-2014-48,T-06,UEFA,R-477,AFC,1
1384,M-2014-49,T-13,CONMEBOL,R-473,UEFA,3
1385,M-2014-50,T-84,CONMEBOL,R-228,UEFA,2
1386,M-2014-51,T-46,CONCACAF,R-352,UEFA,3
1387,M-2014-52,T-33,UEFA,R-477,AFC,2
1388,M-2014-53,T-50,CAF,R-169,CONCACAF,0
1389,M-2014-54,T-01,CAF,R-372,CONMEBOL,1
1390,M-2014-55,T-75,UEFA,R-141,UEFA,2
1391,M-2014-56,T-83,CONCACAF,R-185,CAF,1
1392,M-2014-57,T-31,UEFA,R-346,CONMEBOL,2
1393,M-2014-58,T-16,CONMEBOL,R-462,UEFA,2
1394,M-2014-59,T-06,UEFA,R-374,UEFA,2
1395,M-2014-60,T-17,CONCACAF,R-202,AFC,4
1396,M-2014-61,T-31,UEFA,R-377,CONCACAF,0
1397,M-2014-62,T-03,CONMEBOL,R-076,UEFA,1
1398,M-2014-63,T-48,UEFA,R-185,CAF,2
1399,M-2014-64,T-03,CONMEBOL,R-374,UEFA,2
1400,M-2018-01,T-63,AFC,R-346,CONMEBOL,1
1401,M-2018-02,T-84,CONMEBOL,R-228,UEFA,0
1402,M-2018-03,T-38,AFC,R-076,UEFA,3
1403,M-2018-04,T-73,UEFA,R-376,UEFA,1
1404,M-2018-05,T-04,AFC,R-106,CONMEBOL,3
1405,M-2018-06,T-37,UEFA,R-269,UEFA,0
1406,M-2018-07,T-22,UEFA,R-167,CAF,2
1407,M-2018-08,T-50,CAF,R-372,CONMEBOL,1
1408,M-2018-09,T-66,UEFA,R-124,CAF,2
1409,M-2018-10,T-46,CONCACAF,R-147,AFC,2
1410,M-2018-11,T-75,UEFA,R-362,CONCACAF,3
1411,M-2018-12,T-71,AFC,R-007,CONCACAF,2
1412,M-2018-13,T-54,CONCACAF,R-405,CAF,5
1413,M-2018-14,T-28,UEFA,R-379,CONMEBOL,1
1414,M-2018-15,T-44,AFC,R-412,UEFA,1
1415,M-2018-16,T-65,CAF,R-403,AFC,2
1416,M-2018-17,T-26,CAF,R-075,CONMEBOL,1
1417,M-2018-18,T-47,CAF,R-169,CONCACAF,1
1418,M-2018-19,T-63,AFC,R-441,UEFA,0
1419,M-2018-20,T-73,UEFA,R-106,CONMEBOL,0
1420,M-2018-21,T-04,AFC,R-279,UEFA,0
1421,M-2018-22,T-56,CONMEBOL,R-188,AFC,2
1422,M-2018-23,T-18,UEFA,R-202,AFC,4
1423,M-2018-24,T-17,CONCACAF,R-228,UEFA,1
1424,M-2018-25,T-37,UEFA,R-099,OFC,0
1425,M-2018-26,T-75,UEFA,R-070,UEFA,1
1426,M-2018-27,T-79,CAF,R-273,CONCACAF,1
1427,M-2018-28,T-46,CONCACAF,R-287,UEFA,0
1428,M-2018-29,T-74,UEFA,R-269,UEFA,2
1429,M-2018-30,T-54,CONCACAF,R-180,CAF,3
1430,M-2018-31,T-65,CAF,R-376,UEFA,3
1431,M-2018-32,T-16,CONMEBOL,R-362,CONCACAF,0
1432,M-2018-33,T-26,CAF,R-379,CONMEBOL,2
1433,M-2018-34,T-62,UEFA,R-124,CAF,3
1434,M-2018-35,T-47,CAF,R-202,AFC,6
1435,M-2018-36,T-58,UEFA,R-075,CONMEBOL,4
1436,M-2018-37,T-56,CONMEBOL,R-215,UEFA,2
1437,M-2018-38,T-30,UEFA,R-372,CONMEBOL,0
1438,M-2018-39,T-18,UEFA,R-279,UEFA,2
1439,M-2018-40,T-03,CONMEBOL,R-076,UEFA,3
1440,M-2018-41,T-31,UEFA,R-169,CONCACAF,0
1441,M-2018-42,T-74,UEFA,R-346,CONMEBOL,2
1442,M-2018-43,T-09,CONMEBOL,R-147,AFC,0
1443,M-2018-44,T-17,CONCACAF,R-441,UEFA,3
1444,M-2018-45,T-57,UEFA,R-405,CAF,0
1445,M-2018-46,T-16,CONMEBOL,R-287,UEFA,1
1446,M-2018-47,T-06,UEFA,R-412,UEFA,2
1447,M-2018-48,T-79,CAF,R-403,AFC,3
1448,M-2018-49,T-03,CONMEBOL,R-147,AFC,5
1449,M-2018-50,T-58,UEFA,R-362,CONCACAF,1
1450,M-2018-51,T-62,UEFA,R-228,UEFA,2
1451,M-2018-52,T-22,UEFA,R-346,CONMEBOL,1
1452,M-2018-53,T-46,CONCACAF,R-376,UEFA,4
1453,M-2018-54,T-44,AFC,R-124,CAF,1
1454,M-2018-55,T-75,UEFA,R-412,UEFA,2
1455,M-2018-56,T-28,UEFA,R-169,CONCACAF,2
1456,M-2018-57,T-30,UEFA,R-346,CONMEBOL,2
1457,M-2018-58,T-06,UEFA,R-287,UEFA,2
1458,M-2018-59,T-28,UEFA,R-228,UEFA,1
1459,M-2018-60,T-18,UEFA,R-372,CONMEBOL,4
1460,M-2018-61,T-06,UEFA,R-106,CONMEBOL,3
1461,M-2018-62,T-28,UEFA,R-076,UEFA,1
1462,M-2018-63,T-28,UEFA,R-147,AFC,2
1463,M-2018-64,T-18,UEFA,R-346,CONMEBOL,1
1464,M-2022-01,T-25,CONMEBOL,R-327,UEFA,2
1465,M-2022-02,T-38,AFC,R-093,CONMEBOL,2
1466,M-2022-03,T-48,UEFA,R-386,CONMEBOL,1
1467,M-2022-04,T-85,UEFA,R-013,AFC,2
1468,M-2022-05,T-63,AFC,R-468,UEFA,6
1469,M-2022-06,T-79,CAF,R-362,CONCACAF,1
1470,M-2022-07,T-57,UEFA,R-047,AFC,1
1471,M-2022-08,T-04,AFC,R-173,CAF,3
1472,M-2022-09,T-18,UEFA,R-364,CONMEBOL,0
1473,M-2022-10,T-44,AFC,R-044,CONCACAF,0
1474,M-2022-11,T-17,CONCACAF,R-188,AFC,2
1475,M-2022-12,T-12,CONCACAF,R-405,CAF,2
1476,M-2022-13,T-11,CAF,R-432,CONMEBOL,1
1477,M-2022-14,T-71,AFC,R-441,UEFA,1
1478,M-2022-15,T-32,CAF,R-136,CONCACAF,4
1479,M-2022-16,T-66,UEFA,R-147,AFC,3
1480,M-2022-17,T-38,AFC,R-144,CONCACAF,2
1481,M-2022-18,T-65,CAF,R-279,UEFA,3
1482,M-2022-19,T-25,CONMEBOL,R-170,CAF,1
1483,M-2022-20,T-83,CONCACAF,R-448,CONMEBOL,0
1484,M-2022-21,T-04,AFC,R-404,UEFA,0
1485,M-2022-22,T-63,AFC,R-386,CONMEBOL,2
1486,M-2022-23,T-22,UEFA,R-269,UEFA,2
1487,M-2022-24,T-46,CONCACAF,R-327,UEFA,4
1488,M-2022-25,T-17,CONCACAF,R-325,UEFA,3
1489,M-2022-26,T-47,CAF,R-362,CONCACAF,1
1490,M-2022-27,T-12,CONCACAF,R-282,CONMEBOL,2
1491,M-2022-28,T-31,UEFA,R-265,UEFA,3
1492,M-2022-29,T-66,UEFA,R-188,AFC,2
1493,M-2022-30,T-32,CAF,R-428,UEFA,2
1494,M-2022-31,T-75,UEFA,R-044,CONCACAF,1
1495,M-2022-32,T-84,CONMEBOL,R-147,AFC,2
1496,M-2022-33,T-65,CAF,R-441,UEFA,1
1497,M-2022-34,T-59,AFC,R-167,CAF,0
1498,M-2022-35,T-83,CONCACAF,R-279,UEFA,1
1499,M-2022-36,T-28,UEFA,R-468,UEFA,0
1500,M-2022-37,T-22,UEFA,R-170,CAF,1
1501,M-2022-38,T-30,UEFA,R-099,OFC,0
1502,M-2022-39,T-03,CONMEBOL,R-265,UEFA,1
1503,M-2022-40,T-46,CONCACAF,R-325,UEFA,1
1504,M-2022-41,T-47,CAF,R-093,CONMEBOL,0
1505,M-2022-42,T-06,UEFA,R-428,UEFA,1
1506,M-2022-43,T-31,UEFA,R-153,UEFA,0
1507,M-2022-44,T-73,UEFA,R-173,CAF,0
1508,M-2022-45,T-84,CONMEBOL,R-404,UEFA,5
1509,M-2022-46,T-58,UEFA,R-432,CONMEBOL,0
1510,M-2022-47,T-09,CONMEBOL,R-136,CONCACAF,2
1511,M-2022-48,T-75,UEFA,R-364,CONMEBOL,4
1512,M-2022-49,T-83,CONCACAF,R-386,CONMEBOL,0
1513,M-2022-50,T-04,AFC,R-269,UEFA,2
1514,M-2022-51,T-57,UEFA,R-448,CONMEBOL,2
1515,M-2022-52,T-65,CAF,R-044,CONCACAF,1
1516,M-2022-53,T-18,UEFA,R-136,CONCACAF,2
1517,M-2022-54,T-71,AFC,R-441,UEFA,1
1518,M-2022-55,T-73,UEFA,R-364,CONMEBOL,1
1519,M-2022-56,T-75,UEFA,R-362,CONCACAF,2
1520,M-2022-57,T-09,CONMEBOL,R-325,UEFA,3
1521,M-2022-58,T-03,CONMEBOL,R-279,UEFA,8
1522,M-2022-59,T-58,UEFA,R-432,CONMEBOL,1
1523,M-2022-60,T-30,UEFA,R-386,CONMEBOL,3
1524,M-2022-61,T-18,UEFA,R-327,UEFA,2
1525,M-2022-62,T-47,CAF,R-362,CONCACAF,1
1526,M-2022-63,T-47,CAF,R-013,AFC,2
1527,M-2022-64,T-30,UEFA,R-269,UEFA,3
